"","Trial","Dist_fis","Respuesta","Sujeto","Bloque"
"1",1,4,7,"S001","INDVIRTUAL"
"2",2,2,4,"S001","INDVIRTUAL"
"3",3,1,2,"S001","INDVIRTUAL"
"4",4,3,5,"S001","INDVIRTUAL"
"5",5,6,6,"S001","INDVIRTUAL"
"6",6,5,6,"S001","INDVIRTUAL"
"7",7,5,6,"S001","INDVIRTUAL"
"8",8,1,2,"S001","INDVIRTUAL"
"9",9,4,7,"S001","INDVIRTUAL"
"10",10,6,7,"S001","INDVIRTUAL"
"11",11,3,5,"S001","INDVIRTUAL"
"12",12,2,4,"S001","INDVIRTUAL"
"13",13,5,7,"S001","INDVIRTUAL"
"14",14,4,7,"S001","INDVIRTUAL"
"15",15,3,5,"S001","INDVIRTUAL"
"16",16,1,2,"S001","INDVIRTUAL"
"17",17,2,5,"S001","INDVIRTUAL"
"18",18,6,8,"S001","INDVIRTUAL"
"19",19,2,5,"S001","INDVIRTUAL"
"20",20,5,7,"S001","INDVIRTUAL"
"21",21,1,2,"S001","INDVIRTUAL"
"22",22,3,5,"S001","INDVIRTUAL"
"23",23,6,7,"S001","INDVIRTUAL"
"24",24,4,6,"S001","INDVIRTUAL"
"25",1,6,6,"S001","REAL"
"26",2,5,6,"S001","REAL"
"27",3,2,5,"S001","REAL"
"28",4,4,6,"S001","REAL"
"29",5,3,7,"S001","REAL"
"30",6,1,3,"S001","REAL"
"31",7,5,9,"S001","REAL"
"32",8,3,10,"S001","REAL"
"33",9,1,2,"S001","REAL"
"34",10,4,9,"S001","REAL"
"35",11,6,10,"S001","REAL"
"36",12,2,5,"S001","REAL"
"37",13,1,2,"S001","REAL"
"38",14,2,5,"S001","REAL"
"39",15,6,8,"S001","REAL"
"40",16,3,7,"S001","REAL"
"41",17,4,7,"S001","REAL"
"42",18,5,7,"S001","REAL"
"43",19,1,1.5,"S001","REAL"
"44",20,2,5,"S001","REAL"
"45",21,5,7,"S001","REAL"
"46",22,3,6,"S001","REAL"
"47",23,6,8,"S001","REAL"
"48",24,4,7,"S001","REAL"
"49",1,2,1.5,"S001","SIMULADO"
"50",2,3,2,"S001","SIMULADO"
"51",3,6,4,"S001","SIMULADO"
"52",4,4,1.5,"S001","SIMULADO"
"53",5,5,3,"S001","SIMULADO"
"54",6,1,1,"S001","SIMULADO"
"55",7,3,2.5,"S001","SIMULADO"
"56",8,1,1.5,"S001","SIMULADO"
"57",9,4,1.5,"S001","SIMULADO"
"58",10,6,4,"S001","SIMULADO"
"59",11,5,3,"S001","SIMULADO"
"60",12,2,2,"S001","SIMULADO"
"61",13,3,3,"S001","SIMULADO"
"62",14,4,2,"S001","SIMULADO"
"63",15,5,4,"S001","SIMULADO"
"64",16,2,2,"S001","SIMULADO"
"65",17,6,4,"S001","SIMULADO"
"66",18,1,1.5,"S001","SIMULADO"
"67",19,5,2.5,"S001","SIMULADO"
"68",20,6,4,"S001","SIMULADO"
"69",21,3,3,"S001","SIMULADO"
"70",22,2,2,"S001","SIMULADO"
"71",23,4,2,"S001","SIMULADO"
"72",24,1,1.5,"S001","SIMULADO"
"73",1,6,12,"S001","VIRTUAL"
"74",2,4,12,"S001","VIRTUAL"
"75",3,5,13,"S001","VIRTUAL"
"76",4,1,4,"S001","VIRTUAL"
"77",5,3,8,"S001","VIRTUAL"
"78",6,2,6,"S001","VIRTUAL"
"79",7,2,5,"S001","VIRTUAL"
"80",8,4,10,"S001","VIRTUAL"
"81",9,5,10,"S001","VIRTUAL"
"82",10,3,10,"S001","VIRTUAL"
"83",11,1,3,"S001","VIRTUAL"
"84",12,6,10,"S001","VIRTUAL"
"85",13,4,6,"S001","VIRTUAL"
"86",14,2,5,"S001","VIRTUAL"
"87",15,6,10,"S001","VIRTUAL"
"88",16,5,9,"S001","VIRTUAL"
"89",17,1,3,"S001","VIRTUAL"
"90",18,3,8,"S001","VIRTUAL"
"91",19,3,8,"S001","VIRTUAL"
"92",20,5,9,"S001","VIRTUAL"
"93",21,4,10,"S001","VIRTUAL"
"94",22,6,10,"S001","VIRTUAL"
"95",23,1,3,"S001","VIRTUAL"
"96",24,2,6,"S001","VIRTUAL"
"97",1,1,1,"S002","INDVIRTUAL"
"98",2,5,2.3,"S002","INDVIRTUAL"
"99",3,3,2.8,"S002","INDVIRTUAL"
"100",4,6,3.5,"S002","INDVIRTUAL"
"101",5,4,4.5,"S002","INDVIRTUAL"
"102",6,2,2,"S002","INDVIRTUAL"
"103",7,6,5,"S002","INDVIRTUAL"
"104",8,4,5,"S002","INDVIRTUAL"
"105",9,2,2.5,"S002","INDVIRTUAL"
"106",10,1,0.8,"S002","INDVIRTUAL"
"107",11,5,2.5,"S002","INDVIRTUAL"
"108",12,3,2.3,"S002","INDVIRTUAL"
"109",13,4,3,"S002","INDVIRTUAL"
"110",14,1,0.8,"S002","INDVIRTUAL"
"111",15,5,3.5,"S002","INDVIRTUAL"
"112",16,6,4,"S002","INDVIRTUAL"
"113",17,3,2.8,"S002","INDVIRTUAL"
"114",18,2,1.6,"S002","INDVIRTUAL"
"115",19,5,2.3,"S002","INDVIRTUAL"
"116",20,2,1.5,"S002","INDVIRTUAL"
"117",21,6,4.5,"S002","INDVIRTUAL"
"118",22,3,3.5,"S002","INDVIRTUAL"
"119",23,1,1,"S002","INDVIRTUAL"
"120",24,4,3,"S002","INDVIRTUAL"
"121",1,6,4,"S002","REAL"
"122",2,3,3,"S002","REAL"
"123",3,5,3.5,"S002","REAL"
"124",4,1,0.6,"S002","REAL"
"125",5,2,1.5,"S002","REAL"
"126",6,4,3,"S002","REAL"
"127",7,5,3.5,"S002","REAL"
"128",8,1,0.8,"S002","REAL"
"129",9,2,1.3,"S002","REAL"
"130",10,3,2,"S002","REAL"
"131",11,4,2,"S002","REAL"
"132",12,6,4,"S002","REAL"
"133",13,4,3.5,"S002","REAL"
"134",14,5,3,"S002","REAL"
"135",15,2,1.5,"S002","REAL"
"136",16,3,2,"S002","REAL"
"137",17,6,2.3,"S002","REAL"
"138",18,1,1,"S002","REAL"
"139",19,4,2.3,"S002","REAL"
"140",20,3,3,"S002","REAL"
"141",21,1,0.8,"S002","REAL"
"142",22,5,1.8,"S002","REAL"
"143",23,6,3.5,"S002","REAL"
"144",24,2,2,"S002","REAL"
"145",1,4,0.5,"S002","SIMULADO"
"146",2,2,0.4,"S002","SIMULADO"
"147",3,1,0.2,"S002","SIMULADO"
"148",4,3,1,"S002","SIMULADO"
"149",5,6,1.5,"S002","SIMULADO"
"150",6,5,1,"S002","SIMULADO"
"151",7,5,1.5,"S002","SIMULADO"
"152",8,1,0.2,"S002","SIMULADO"
"153",9,4,0.6,"S002","SIMULADO"
"154",10,6,2.5,"S002","SIMULADO"
"155",11,3,1,"S002","SIMULADO"
"156",12,2,0.7,"S002","SIMULADO"
"157",13,5,0.6,"S002","SIMULADO"
"158",14,4,0.8,"S002","SIMULADO"
"159",15,3,1.2,"S002","SIMULADO"
"160",16,1,0.3,"S002","SIMULADO"
"161",17,2,1,"S002","SIMULADO"
"162",18,6,2.5,"S002","SIMULADO"
"163",19,2,0.6,"S002","SIMULADO"
"164",20,5,1,"S002","SIMULADO"
"165",21,1,0.3,"S002","SIMULADO"
"166",22,3,2,"S002","SIMULADO"
"167",23,6,3,"S002","SIMULADO"
"168",24,4,0.9,"S002","SIMULADO"
"169",1,3,5,"S002","VIRTUAL"
"170",2,4,5.3,"S002","VIRTUAL"
"171",3,1,1,"S002","VIRTUAL"
"172",4,6,4,"S002","VIRTUAL"
"173",5,2,2,"S002","VIRTUAL"
"174",6,5,4.5,"S002","VIRTUAL"
"175",7,6,5,"S002","VIRTUAL"
"176",8,3,2.8,"S002","VIRTUAL"
"177",9,1,1,"S002","VIRTUAL"
"178",10,4,3.5,"S002","VIRTUAL"
"179",11,5,4,"S002","VIRTUAL"
"180",12,2,2.3,"S002","VIRTUAL"
"181",13,4,3.5,"S002","VIRTUAL"
"182",14,3,3,"S002","VIRTUAL"
"183",15,5,4,"S002","VIRTUAL"
"184",16,1,0.8,"S002","VIRTUAL"
"185",17,2,2,"S002","VIRTUAL"
"186",18,6,5.5,"S002","VIRTUAL"
"187",19,2,2.3,"S002","VIRTUAL"
"188",20,5,4,"S002","VIRTUAL"
"189",21,4,4.5,"S002","VIRTUAL"
"190",22,6,4.8,"S002","VIRTUAL"
"191",23,1,1,"S002","VIRTUAL"
"192",24,3,3,"S002","VIRTUAL"
"193",1,1,0.6,"S003","INDVIRTUAL"
"194",2,5,2.3,"S003","INDVIRTUAL"
"195",3,2,1.7,"S003","INDVIRTUAL"
"196",4,4,2.3,"S003","INDVIRTUAL"
"197",5,3,3,"S003","INDVIRTUAL"
"198",6,6,3.4,"S003","INDVIRTUAL"
"199",7,4,2.8,"S003","INDVIRTUAL"
"200",8,1,0.5,"S003","INDVIRTUAL"
"201",9,2,1.4,"S003","INDVIRTUAL"
"202",10,3,2.5,"S003","INDVIRTUAL"
"203",11,5,2.5,"S003","INDVIRTUAL"
"204",12,6,3,"S003","INDVIRTUAL"
"205",13,6,3.5,"S003","INDVIRTUAL"
"206",14,2,1.8,"S003","INDVIRTUAL"
"207",15,1,0.6,"S003","INDVIRTUAL"
"208",16,3,2.4,"S003","INDVIRTUAL"
"209",17,5,2.3,"S003","INDVIRTUAL"
"210",18,4,2,"S003","INDVIRTUAL"
"211",19,6,2.3,"S003","INDVIRTUAL"
"212",20,3,2,"S003","INDVIRTUAL"
"213",21,5,2.7,"S003","INDVIRTUAL"
"214",22,2,1.5,"S003","INDVIRTUAL"
"215",23,4,2.8,"S003","INDVIRTUAL"
"216",24,1,0.6,"S003","INDVIRTUAL"
"217",1,6,2.8,"S003","REAL"
"218",2,4,2.5,"S003","REAL"
"219",3,3,2.5,"S003","REAL"
"220",4,1,1.4,"S003","REAL"
"221",5,2,2.8,"S003","REAL"
"222",6,5,3.4,"S003","REAL"
"223",7,6,3.8,"S003","REAL"
"224",8,1,1.3,"S003","REAL"
"225",9,5,3.3,"S003","REAL"
"226",10,4,3.5,"S003","REAL"
"227",11,3,2.8,"S003","REAL"
"228",12,2,2.4,"S003","REAL"
"229",13,1,0.8,"S003","REAL"
"230",14,6,3.4,"S003","REAL"
"231",15,2,1.5,"S003","REAL"
"232",16,5,3,"S003","REAL"
"233",17,3,3,"S003","REAL"
"234",18,4,3.4,"S003","REAL"
"235",19,2,1.7,"S003","REAL"
"236",20,4,3.5,"S003","REAL"
"237",21,3,3,"S003","REAL"
"238",22,1,1,"S003","REAL"
"239",23,6,3.2,"S003","REAL"
"240",24,5,3.5,"S003","REAL"
"241",1,1,0.25,"S003","SIMULADO"
"242",2,4,0.15,"S003","SIMULADO"
"243",3,3,0.3,"S003","SIMULADO"
"244",4,2,0.25,"S003","SIMULADO"
"245",5,6,1.3,"S003","SIMULADO"
"246",6,5,1,"S003","SIMULADO"
"247",7,2,0.4,"S003","SIMULADO"
"248",8,1,0.4,"S003","SIMULADO"
"249",9,6,1.5,"S003","SIMULADO"
"250",10,3,1,"S003","SIMULADO"
"251",11,4,0.63,"S003","SIMULADO"
"252",12,5,0.8,"S003","SIMULADO"
"253",13,2,0.4,"S003","SIMULADO"
"254",14,5,0.5,"S003","SIMULADO"
"255",15,1,0.4,"S003","SIMULADO"
"256",16,4,0.6,"S003","SIMULADO"
"257",17,6,1.5,"S003","SIMULADO"
"258",18,3,1,"S003","SIMULADO"
"259",19,5,1.2,"S003","SIMULADO"
"260",20,6,0.9,"S003","SIMULADO"
"261",21,2,0.4,"S003","SIMULADO"
"262",22,3,0.7,"S003","SIMULADO"
"263",23,1,0.3,"S003","SIMULADO"
"264",24,4,0.3,"S003","SIMULADO"
"265",1,6,3,"S003","VIRTUAL"
"266",2,1,0.6,"S003","VIRTUAL"
"267",3,5,2,"S003","VIRTUAL"
"268",4,2,1.7,"S003","VIRTUAL"
"269",5,4,2.5,"S003","VIRTUAL"
"270",6,3,2.7,"S003","VIRTUAL"
"271",1,6,3.5,"S004","INDVIRTUAL"
"272",2,5,3.5,"S004","INDVIRTUAL"
"273",3,2,3,"S004","INDVIRTUAL"
"274",4,4,3.75,"S004","INDVIRTUAL"
"275",5,3,3.5,"S004","INDVIRTUAL"
"276",6,1,1.5,"S004","INDVIRTUAL"
"277",7,5,3.5,"S004","INDVIRTUAL"
"278",8,3,3.75,"S004","INDVIRTUAL"
"279",9,1,1.5,"S004","INDVIRTUAL"
"280",10,4,3.75,"S004","INDVIRTUAL"
"281",11,6,4,"S004","INDVIRTUAL"
"282",12,2,3.5,"S004","INDVIRTUAL"
"283",13,1,1.5,"S004","INDVIRTUAL"
"284",14,2,3.5,"S004","INDVIRTUAL"
"285",15,6,4,"S004","INDVIRTUAL"
"286",16,3,3.5,"S004","INDVIRTUAL"
"287",17,4,3.75,"S004","INDVIRTUAL"
"288",18,5,3.5,"S004","INDVIRTUAL"
"289",19,1,1.5,"S004","INDVIRTUAL"
"290",20,2,3,"S004","INDVIRTUAL"
"291",21,5,4,"S004","INDVIRTUAL"
"292",22,3,3.5,"S004","INDVIRTUAL"
"293",23,6,3.75,"S004","INDVIRTUAL"
"294",24,4,3,"S004","INDVIRTUAL"
"295",1,4,3.5,"S004","REAL"
"296",2,1,2,"S004","REAL"
"297",3,5,4,"S004","REAL"
"298",4,3,3.75,"S004","REAL"
"299",5,6,3.75,"S004","REAL"
"300",6,2,3.5,"S004","REAL"
"301",7,2,3,"S004","REAL"
"302",8,1,1.5,"S004","REAL"
"303",9,5,4,"S004","REAL"
"304",10,4,3.5,"S004","REAL"
"305",11,3,3.5,"S004","REAL"
"306",12,6,3.75,"S004","REAL"
"307",13,6,4,"S004","REAL"
"308",14,1,1.5,"S004","REAL"
"309",15,4,3,"S004","REAL"
"310",16,5,3.5,"S004","REAL"
"311",17,3,3.5,"S004","REAL"
"312",18,2,3,"S004","REAL"
"313",19,1,1.5,"S004","REAL"
"314",20,5,4,"S004","REAL"
"315",21,2,3,"S004","REAL"
"316",22,6,4,"S004","REAL"
"317",23,3,3,"S004","REAL"
"318",24,4,3.75,"S004","REAL"
"319",1,6,3,"S004","SIMULADO"
"320",2,3,2,"S004","SIMULADO"
"321",3,5,3,"S004","SIMULADO"
"322",4,1,0.5,"S004","SIMULADO"
"323",5,2,1.5,"S004","SIMULADO"
"324",6,4,1.5,"S004","SIMULADO"
"325",7,5,3,"S004","SIMULADO"
"326",8,1,1,"S004","SIMULADO"
"327",9,2,1.5,"S004","SIMULADO"
"328",10,3,2,"S004","SIMULADO"
"329",11,4,1.5,"S004","SIMULADO"
"330",12,6,3,"S004","SIMULADO"
"331",13,4,0.5,"S004","SIMULADO"
"332",14,5,3,"S004","SIMULADO"
"333",15,2,1,"S004","SIMULADO"
"334",16,3,3,"S004","SIMULADO"
"335",17,6,3.5,"S004","SIMULADO"
"336",18,1,1,"S004","SIMULADO"
"337",19,4,1,"S004","SIMULADO"
"338",20,3,2,"S004","SIMULADO"
"339",21,1,1,"S004","SIMULADO"
"340",22,5,1.5,"S004","SIMULADO"
"341",23,6,2.5,"S004","SIMULADO"
"342",24,2,1,"S004","SIMULADO"
"343",1,5,4,"S004","VIRTUAL"
"344",2,3,3.5,"S004","VIRTUAL"
"345",3,4,3.5,"S004","VIRTUAL"
"346",4,6,4,"S004","VIRTUAL"
"347",5,2,3,"S004","VIRTUAL"
"348",6,1,1.5,"S004","VIRTUAL"
"349",7,1,1.5,"S004","VIRTUAL"
"350",8,3,4,"S004","VIRTUAL"
"351",9,4,4.5,"S004","VIRTUAL"
"352",10,2,3.5,"S004","VIRTUAL"
"353",11,6,4,"S004","VIRTUAL"
"354",12,5,4.5,"S004","VIRTUAL"
"355",13,3,3.5,"S004","VIRTUAL"
"356",14,1,1.5,"S004","VIRTUAL"
"357",15,5,4,"S004","VIRTUAL"
"358",16,4,4.5,"S004","VIRTUAL"
"359",17,6,4,"S004","VIRTUAL"
"360",18,2,3.5,"S004","VIRTUAL"
"361",19,2,3.5,"S004","VIRTUAL"
"362",20,4,4,"S004","VIRTUAL"
"363",21,3,3.75,"S004","VIRTUAL"
"364",22,5,4,"S004","VIRTUAL"
"365",23,6,4.2,"S004","VIRTUAL"
"366",24,1,1.5,"S004","VIRTUAL"
"367",1,4,2,"S005","INDVIRTUAL"
"368",2,5,2,"S005","INDVIRTUAL"
"369",3,1,0.5,"S005","INDVIRTUAL"
"370",4,3,2,"S005","INDVIRTUAL"
"371",5,2,2,"S005","INDVIRTUAL"
"372",6,6,2.5,"S005","INDVIRTUAL"
"373",7,2,1.5,"S005","INDVIRTUAL"
"374",8,6,2,"S005","INDVIRTUAL"
"375",9,1,1,"S005","INDVIRTUAL"
"376",10,4,2,"S005","INDVIRTUAL"
"377",11,3,2,"S005","INDVIRTUAL"
"378",12,5,3,"S005","INDVIRTUAL"
"379",13,4,3,"S005","INDVIRTUAL"
"380",14,2,1,"S005","INDVIRTUAL"
"381",15,6,2,"S005","INDVIRTUAL"
"382",16,3,2,"S005","INDVIRTUAL"
"383",17,1,0.5,"S005","INDVIRTUAL"
"384",18,5,2,"S005","INDVIRTUAL"
"385",19,2,2,"S005","INDVIRTUAL"
"386",20,6,3,"S005","INDVIRTUAL"
"387",21,5,3,"S005","INDVIRTUAL"
"388",22,4,2,"S005","INDVIRTUAL"
"389",23,3,3,"S005","INDVIRTUAL"
"390",24,1,1,"S005","INDVIRTUAL"
"391",1,2,1,"S005","REAL"
"392",2,1,1,"S005","REAL"
"393",3,6,3,"S005","REAL"
"394",4,3,2,"S005","REAL"
"395",5,4,2,"S005","REAL"
"396",6,5,2.5,"S005","REAL"
"397",7,3,2,"S005","REAL"
"398",8,5,2,"S005","REAL"
"399",9,4,2,"S005","REAL"
"400",10,2,1.5,"S005","REAL"
"401",11,1,0.4,"S005","REAL"
"402",12,6,2,"S005","REAL"
"403",13,3,2.5,"S005","REAL"
"404",14,5,2,"S005","REAL"
"405",15,1,0.4,"S005","REAL"
"406",16,2,1.5,"S005","REAL"
"407",17,4,2.3,"S005","REAL"
"408",18,6,3,"S005","REAL"
"409",19,4,2,"S005","REAL"
"410",20,5,2,"S005","REAL"
"411",21,3,1.5,"S005","REAL"
"412",22,1,0.5,"S005","REAL"
"413",23,2,1.5,"S005","REAL"
"414",24,6,3,"S005","REAL"
"415",1,3,1,"S005","SIMULADO"
"416",2,4,0.3,"S005","SIMULADO"
"417",3,5,1,"S005","SIMULADO"
"418",4,2,0.2,"S005","SIMULADO"
"419",5,6,1.5,"S005","SIMULADO"
"420",6,1,0.3,"S005","SIMULADO"
"421",7,6,2,"S005","SIMULADO"
"422",8,3,0.4,"S005","SIMULADO"
"423",9,1,0.2,"S005","SIMULADO"
"424",10,5,1.5,"S005","SIMULADO"
"425",11,2,0.4,"S005","SIMULADO"
"426",12,4,0.4,"S005","SIMULADO"
"427",13,1,0.2,"S005","SIMULADO"
"428",14,4,1,"S005","SIMULADO"
"429",15,3,1.5,"S005","SIMULADO"
"430",16,6,2,"S005","SIMULADO"
"431",17,2,0.3,"S005","SIMULADO"
"432",18,5,0.5,"S005","SIMULADO"
"433",19,3,1,"S005","SIMULADO"
"434",20,6,2,"S005","SIMULADO"
"435",21,1,0.2,"S005","SIMULADO"
"436",22,5,1,"S005","SIMULADO"
"437",23,4,0.5,"S005","SIMULADO"
"438",24,2,0.5,"S005","SIMULADO"
"439",1,4,2,"S005","VIRTUAL"
"440",2,3,2,"S005","VIRTUAL"
"441",3,2,1.5,"S005","VIRTUAL"
"442",4,1,0.5,"S005","VIRTUAL"
"443",5,5,2,"S005","VIRTUAL"
"444",6,6,2.5,"S005","VIRTUAL"
"445",7,6,2.5,"S005","VIRTUAL"
"446",8,3,2,"S005","VIRTUAL"
"447",9,4,2,"S005","VIRTUAL"
"448",10,5,1.5,"S005","VIRTUAL"
"449",11,2,1,"S005","VIRTUAL"
"450",12,1,0.5,"S005","VIRTUAL"
"451",13,4,1.5,"S005","VIRTUAL"
"452",14,6,2,"S005","VIRTUAL"
"453",15,2,1,"S005","VIRTUAL"
"454",16,1,0.5,"S005","VIRTUAL"
"455",17,5,2,"S005","VIRTUAL"
"456",18,3,2.5,"S005","VIRTUAL"
"457",19,2,1.5,"S005","VIRTUAL"
"458",20,1,1,"S005","VIRTUAL"
"459",21,4,2,"S005","VIRTUAL"
"460",22,6,2.5,"S005","VIRTUAL"
"461",23,3,2,"S005","VIRTUAL"
"462",24,5,2,"S005","VIRTUAL"
"463",1,4,4,"S006","INDVIRTUAL"
"464",2,2,2,"S006","INDVIRTUAL"
"465",3,1,1,"S006","INDVIRTUAL"
"466",4,3,2,"S006","INDVIRTUAL"
"467",5,6,5,"S006","INDVIRTUAL"
"468",6,5,4,"S006","INDVIRTUAL"
"469",7,5,6,"S006","INDVIRTUAL"
"470",8,1,1,"S006","INDVIRTUAL"
"471",9,4,4,"S006","INDVIRTUAL"
"472",10,6,5,"S006","INDVIRTUAL"
"473",11,3,2,"S006","INDVIRTUAL"
"474",12,2,2,"S006","INDVIRTUAL"
"475",13,5,4,"S006","INDVIRTUAL"
"476",14,4,3,"S006","INDVIRTUAL"
"477",15,3,2,"S006","INDVIRTUAL"
"478",16,1,0.5,"S006","INDVIRTUAL"
"479",17,2,2,"S006","INDVIRTUAL"
"480",18,6,5,"S006","INDVIRTUAL"
"481",19,2,3,"S006","INDVIRTUAL"
"482",20,5,3,"S006","INDVIRTUAL"
"483",21,1,0.5,"S006","INDVIRTUAL"
"484",22,3,2.5,"S006","INDVIRTUAL"
"485",23,6,5,"S006","INDVIRTUAL"
"486",24,4,4,"S006","INDVIRTUAL"
"487",1,6,5,"S006","REAL"
"488",2,3,4,"S006","REAL"
"489",3,5,4.5,"S006","REAL"
"490",4,1,1,"S006","REAL"
"491",5,2,2,"S006","REAL"
"492",6,4,5,"S006","REAL"
"493",7,5,4.5,"S006","REAL"
"494",8,1,1,"S006","REAL"
"495",9,2,2,"S006","REAL"
"496",10,3,4,"S006","REAL"
"497",11,4,3.5,"S006","REAL"
"498",12,6,5,"S006","REAL"
"499",13,4,4,"S006","REAL"
"500",14,5,3,"S006","REAL"
"501",15,2,1.5,"S006","REAL"
"502",16,3,3,"S006","REAL"
"503",17,6,4,"S006","REAL"
"504",18,1,1,"S006","REAL"
"505",19,4,2.5,"S006","REAL"
"506",20,3,3,"S006","REAL"
"507",21,1,1,"S006","REAL"
"508",22,5,4,"S006","REAL"
"509",23,6,5,"S006","REAL"
"510",24,2,2,"S006","REAL"
"511",1,1,0,"S006","SIMULADO"
"512",2,5,4,"S006","SIMULADO"
"513",3,3,3.5,"S006","SIMULADO"
"514",4,6,6,"S006","SIMULADO"
"515",5,4,2,"S006","SIMULADO"
"516",6,2,0,"S006","SIMULADO"
"517",7,6,5,"S006","SIMULADO"
"518",8,4,3,"S006","SIMULADO"
"519",9,2,2,"S006","SIMULADO"
"520",10,1,0,"S006","SIMULADO"
"521",11,5,5,"S006","SIMULADO"
"522",12,3,5,"S006","SIMULADO"
"523",13,4,2,"S006","SIMULADO"
"524",14,1,1,"S006","SIMULADO"
"525",15,5,5,"S006","SIMULADO"
"526",16,6,6,"S006","SIMULADO"
"527",17,3,3,"S006","SIMULADO"
"528",18,2,1,"S006","SIMULADO"
"529",19,5,4,"S006","SIMULADO"
"530",20,2,2,"S006","SIMULADO"
"531",21,6,5,"S006","SIMULADO"
"532",22,3,4,"S006","SIMULADO"
"533",23,1,0,"S006","SIMULADO"
"534",24,4,2,"S006","SIMULADO"
"535",1,3,4,"S006","VIRTUAL"
"536",2,4,5,"S006","VIRTUAL"
"537",3,1,1,"S006","VIRTUAL"
"538",4,6,5,"S006","VIRTUAL"
"539",5,2,3,"S006","VIRTUAL"
"540",6,5,5,"S006","VIRTUAL"
"541",7,6,4,"S006","VIRTUAL"
"542",8,3,3,"S006","VIRTUAL"
"543",9,1,1,"S006","VIRTUAL"
"544",10,4,4,"S006","VIRTUAL"
"545",11,5,5,"S006","VIRTUAL"
"546",12,2,1,"S006","VIRTUAL"
"547",13,4,4,"S006","VIRTUAL"
"548",14,3,3,"S006","VIRTUAL"
"549",15,5,4,"S006","VIRTUAL"
"550",16,1,0.5,"S006","VIRTUAL"
"551",17,2,1,"S006","VIRTUAL"
"552",18,6,3.5,"S006","VIRTUAL"
"553",19,2,2,"S006","VIRTUAL"
"554",20,5,4,"S006","VIRTUAL"
"555",21,4,4,"S006","VIRTUAL"
"556",22,6,5,"S006","VIRTUAL"
"557",23,1,0.5,"S006","VIRTUAL"
"558",24,3,2,"S006","VIRTUAL"
"559",1,5,3,"S007","INDVIRTUAL"
"560",2,3,3,"S007","INDVIRTUAL"
"561",3,4,4,"S007","INDVIRTUAL"
"562",4,6,4.5,"S007","INDVIRTUAL"
"563",5,2,1.5,"S007","INDVIRTUAL"
"564",6,1,0.8,"S007","INDVIRTUAL"
"565",7,1,0.5,"S007","INDVIRTUAL"
"566",8,3,4,"S007","INDVIRTUAL"
"567",9,4,5,"S007","INDVIRTUAL"
"568",10,2,2.5,"S007","INDVIRTUAL"
"569",11,6,5,"S007","INDVIRTUAL"
"570",12,5,4.5,"S007","INDVIRTUAL"
"571",13,3,3,"S007","INDVIRTUAL"
"572",14,1,0.5,"S007","INDVIRTUAL"
"573",15,5,3,"S007","INDVIRTUAL"
"574",16,4,3.5,"S007","INDVIRTUAL"
"575",17,6,4,"S007","INDVIRTUAL"
"576",18,2,1.8,"S007","INDVIRTUAL"
"577",19,2,2.5,"S007","INDVIRTUAL"
"578",20,4,4,"S007","INDVIRTUAL"
"579",21,3,3,"S007","INDVIRTUAL"
"580",22,5,3.5,"S007","INDVIRTUAL"
"581",23,6,3.5,"S007","INDVIRTUAL"
"582",24,1,0.8,"S007","INDVIRTUAL"
"583",1,4,4,"S007","REAL"
"584",2,1,2,"S007","REAL"
"585",3,5,4.5,"S007","REAL"
"586",4,3,3.5,"S007","REAL"
"587",5,6,3.8,"S007","REAL"
"588",6,2,3,"S007","REAL"
"589",7,2,2.8,"S007","REAL"
"590",8,1,1.2,"S007","REAL"
"591",9,5,4,"S007","REAL"
"592",10,4,4,"S007","REAL"
"593",11,3,3.5,"S007","REAL"
"594",12,6,4.5,"S007","REAL"
"595",13,6,4,"S007","REAL"
"596",14,1,1,"S007","REAL"
"597",15,4,3,"S007","REAL"
"598",16,5,3.5,"S007","REAL"
"599",17,3,3.5,"S007","REAL"
"600",18,2,2,"S007","REAL"
"601",19,1,1.5,"S007","REAL"
"602",20,5,4,"S007","REAL"
"603",21,2,3,"S007","REAL"
"604",22,6,4,"S007","REAL"
"605",23,3,3.5,"S007","REAL"
"606",24,4,3.5,"S007","REAL"
"607",1,6,1.5,"S007","SIMULADO"
"608",2,5,1.5,"S007","SIMULADO"
"609",3,2,0.8,"S007","SIMULADO"
"610",4,4,1,"S007","SIMULADO"
"611",5,3,1.8,"S007","SIMULADO"
"612",6,1,1,"S007","SIMULADO"
"613",7,5,2,"S007","SIMULADO"
"614",8,3,2.3,"S007","SIMULADO"
"615",9,1,0.8,"S007","SIMULADO"
"616",10,4,0.8,"S007","SIMULADO"
"617",11,6,2,"S007","SIMULADO"
"618",12,2,1.5,"S007","SIMULADO"
"619",13,1,0.5,"S007","SIMULADO"
"620",14,2,0.5,"S007","SIMULADO"
"621",15,6,2,"S007","SIMULADO"
"622",16,3,2,"S007","SIMULADO"
"623",17,4,0.8,"S007","SIMULADO"
"624",18,5,2.5,"S007","SIMULADO"
"625",19,1,0.5,"S007","SIMULADO"
"626",20,2,1,"S007","SIMULADO"
"627",21,5,2.5,"S007","SIMULADO"
"628",22,3,2,"S007","SIMULADO"
"629",23,6,2,"S007","SIMULADO"
"630",24,4,1,"S007","SIMULADO"
"631",1,6,5,"S007","VIRTUAL"
"632",2,3,4.5,"S007","VIRTUAL"
"633",3,5,4.5,"S007","VIRTUAL"
"634",4,1,0.7,"S007","VIRTUAL"
"635",5,2,1.5,"S007","VIRTUAL"
"636",6,4,4,"S007","VIRTUAL"
"637",7,5,4.5,"S007","VIRTUAL"
"638",8,1,1,"S007","VIRTUAL"
"639",9,2,3.5,"S007","VIRTUAL"
"640",10,3,5,"S007","VIRTUAL"
"641",11,4,5,"S007","VIRTUAL"
"642",12,6,5.5,"S007","VIRTUAL"
"643",13,4,4,"S007","VIRTUAL"
"644",14,5,5,"S007","VIRTUAL"
"645",15,2,2,"S007","VIRTUAL"
"646",16,3,2.5,"S007","VIRTUAL"
"647",17,6,5.5,"S007","VIRTUAL"
"648",18,1,0.5,"S007","VIRTUAL"
"649",19,4,3,"S007","VIRTUAL"
"650",20,3,3.3,"S007","VIRTUAL"
"651",21,1,0.8,"S007","VIRTUAL"
"652",22,5,5.5,"S007","VIRTUAL"
"653",23,6,6,"S007","VIRTUAL"
"654",24,2,2,"S007","VIRTUAL"
"655",1,6,3.5,"S008","INDVIRTUAL"
"656",2,3,2,"S008","INDVIRTUAL"
"657",3,5,2.5,"S008","INDVIRTUAL"
"658",4,1,1,"S008","INDVIRTUAL"
"659",5,2,2,"S008","INDVIRTUAL"
"660",6,4,4,"S008","INDVIRTUAL"
"661",7,5,3,"S008","INDVIRTUAL"
"662",8,1,1.5,"S008","INDVIRTUAL"
"663",9,2,2.5,"S008","INDVIRTUAL"
"664",10,3,3,"S008","INDVIRTUAL"
"665",11,4,5,"S008","INDVIRTUAL"
"666",12,6,5,"S008","INDVIRTUAL"
"667",13,4,3.5,"S008","INDVIRTUAL"
"668",14,5,3.5,"S008","INDVIRTUAL"
"669",15,2,2,"S008","INDVIRTUAL"
"670",16,3,3,"S008","INDVIRTUAL"
"671",17,6,4,"S008","INDVIRTUAL"
"672",18,1,1,"S008","INDVIRTUAL"
"673",19,4,5,"S008","INDVIRTUAL"
"674",20,3,3.5,"S008","INDVIRTUAL"
"675",21,1,2,"S008","INDVIRTUAL"
"676",22,5,3,"S008","INDVIRTUAL"
"677",23,6,4.5,"S008","INDVIRTUAL"
"678",24,2,2.5,"S008","INDVIRTUAL"
"679",1,4,5,"S008","REAL"
"680",2,1,2,"S008","REAL"
"681",3,5,6,"S008","REAL"
"682",4,3,5,"S008","REAL"
"683",5,6,6,"S008","REAL"
"684",6,2,3,"S008","REAL"
"685",7,2,3,"S008","REAL"
"686",8,1,1.5,"S008","REAL"
"687",9,5,5,"S008","REAL"
"688",10,4,5,"S008","REAL"
"689",11,3,3,"S008","REAL"
"690",12,6,6,"S008","REAL"
"691",13,6,6,"S008","REAL"
"692",14,1,1.5,"S008","REAL"
"693",15,4,4,"S008","REAL"
"694",16,5,6,"S008","REAL"
"695",17,3,6,"S008","REAL"
"696",18,2,3,"S008","REAL"
"697",19,1,2,"S008","REAL"
"698",20,5,6,"S008","REAL"
"699",21,2,3,"S008","REAL"
"700",22,6,6,"S008","REAL"
"701",23,3,4,"S008","REAL"
"702",24,4,4,"S008","REAL"
"703",1,5,1.5,"S008","SIMULADO"
"704",2,3,1.5,"S008","SIMULADO"
"705",3,4,1,"S008","SIMULADO"
"706",4,6,2,"S008","SIMULADO"
"707",5,2,1.5,"S008","SIMULADO"
"708",6,1,2,"S008","SIMULADO"
"709",7,1,2,"S008","SIMULADO"
"710",8,3,2.5,"S008","SIMULADO"
"711",9,4,1,"S008","SIMULADO"
"712",10,2,1,"S008","SIMULADO"
"713",11,6,2.5,"S008","SIMULADO"
"714",12,5,2.5,"S008","SIMULADO"
"715",13,3,2.5,"S008","SIMULADO"
"716",14,1,3,"S008","SIMULADO"
"717",15,5,2,"S008","SIMULADO"
"718",16,4,2,"S008","SIMULADO"
"719",17,6,3.5,"S008","SIMULADO"
"720",18,2,1.5,"S008","SIMULADO"
"721",19,2,1.5,"S008","SIMULADO"
"722",20,4,1.5,"S008","SIMULADO"
"723",21,3,3,"S008","SIMULADO"
"724",22,5,4,"S008","SIMULADO"
"725",23,6,3.5,"S008","SIMULADO"
"726",24,1,1.5,"S008","SIMULADO"
"727",1,6,4,"S008","VIRTUAL"
"728",2,5,3,"S008","VIRTUAL"
"729",3,2,2,"S008","VIRTUAL"
"730",4,4,4,"S008","VIRTUAL"
"731",5,3,3,"S008","VIRTUAL"
"732",6,1,1.5,"S008","VIRTUAL"
"733",7,5,4,"S008","VIRTUAL"
"734",8,3,4,"S008","VIRTUAL"
"735",9,1,2,"S008","VIRTUAL"
"736",10,4,5,"S008","VIRTUAL"
"737",11,6,5,"S008","VIRTUAL"
"738",12,2,2.5,"S008","VIRTUAL"
"739",13,1,1.5,"S008","VIRTUAL"
"740",14,2,4,"S008","VIRTUAL"
"741",15,6,5,"S008","VIRTUAL"
"742",16,3,3.5,"S008","VIRTUAL"
"743",17,4,4,"S008","VIRTUAL"
"744",18,5,4,"S008","VIRTUAL"
"745",19,1,2.5,"S008","VIRTUAL"
"746",20,2,4,"S008","VIRTUAL"
"747",21,5,5.5,"S008","VIRTUAL"
"748",22,3,4,"S008","VIRTUAL"
"749",23,6,5.5,"S008","VIRTUAL"
"750",24,4,4,"S008","VIRTUAL"
"751",1,6,4,"S009","INDVIRTUAL"
"752",2,3,3.5,"S009","INDVIRTUAL"
"753",3,5,3.5,"S009","INDVIRTUAL"
"754",4,1,1,"S009","INDVIRTUAL"
"755",5,2,2,"S009","INDVIRTUAL"
"756",6,4,3,"S009","INDVIRTUAL"
"757",7,5,4,"S009","INDVIRTUAL"
"758",8,1,1,"S009","INDVIRTUAL"
"759",9,2,2,"S009","INDVIRTUAL"
"760",10,3,3.5,"S009","INDVIRTUAL"
"761",11,4,4,"S009","INDVIRTUAL"
"762",12,6,4,"S009","INDVIRTUAL"
"763",13,4,4,"S009","INDVIRTUAL"
"764",14,5,3.5,"S009","INDVIRTUAL"
"765",15,2,2,"S009","INDVIRTUAL"
"766",16,3,2.5,"S009","INDVIRTUAL"
"767",17,6,4,"S009","INDVIRTUAL"
"768",18,1,1,"S009","INDVIRTUAL"
"769",19,4,3,"S009","INDVIRTUAL"
"770",20,3,3,"S009","INDVIRTUAL"
"771",21,1,1,"S009","INDVIRTUAL"
"772",22,5,3,"S009","INDVIRTUAL"
"773",23,6,3,"S009","INDVIRTUAL"
"774",24,2,2,"S009","INDVIRTUAL"
"775",1,5,2,"S009","REAL"
"776",2,3,2.5,"S009","REAL"
"777",3,4,3,"S009","REAL"
"778",4,6,3,"S009","REAL"
"779",5,2,2,"S009","REAL"
"780",6,1,1,"S009","REAL"
"781",7,1,1,"S009","REAL"
"782",8,3,2,"S009","REAL"
"783",9,4,3,"S009","REAL"
"784",10,2,3,"S009","REAL"
"785",11,6,3.5,"S009","REAL"
"786",12,5,3.5,"S009","REAL"
"787",13,3,3,"S009","REAL"
"788",14,1,1,"S009","REAL"
"789",15,5,3,"S009","REAL"
"790",16,4,3,"S009","REAL"
"791",17,6,3.5,"S009","REAL"
"792",18,2,2,"S009","REAL"
"793",19,2,1.5,"S009","REAL"
"794",20,4,2.5,"S009","REAL"
"795",21,3,3,"S009","REAL"
"796",22,5,3.5,"S009","REAL"
"797",23,6,3.5,"S009","REAL"
"798",24,1,1,"S009","REAL"
"799",1,3,0.5,"S009","SIMULADO"
"800",2,4,0.5,"S009","SIMULADO"
"801",3,1,0.25,"S009","SIMULADO"
"802",4,6,0.5,"S009","SIMULADO"
"803",5,2,0.5,"S009","SIMULADO"
"804",6,5,1,"S009","SIMULADO"
"805",7,6,1,"S009","SIMULADO"
"806",8,3,1,"S009","SIMULADO"
"807",9,1,0.5,"S009","SIMULADO"
"808",10,4,0.25,"S009","SIMULADO"
"809",11,5,0.5,"S009","SIMULADO"
"810",12,2,0.25,"S009","SIMULADO"
"811",13,4,0.25,"S009","SIMULADO"
"812",14,3,0.5,"S009","SIMULADO"
"813",15,5,1,"S009","SIMULADO"
"814",16,1,0.25,"S009","SIMULADO"
"815",17,2,0.25,"S009","SIMULADO"
"816",18,6,0.5,"S009","SIMULADO"
"817",19,2,0.25,"S009","SIMULADO"
"818",20,5,0.5,"S009","SIMULADO"
"819",21,4,0.25,"S009","SIMULADO"
"820",22,6,1,"S009","SIMULADO"
"821",23,1,0.25,"S009","SIMULADO"
"822",24,3,0.5,"S009","SIMULADO"
"823",1,4,3,"S009","VIRTUAL"
"824",2,2,2,"S009","VIRTUAL"
"825",3,1,1,"S009","VIRTUAL"
"826",4,3,2,"S009","VIRTUAL"
"827",5,6,3,"S009","VIRTUAL"
"828",6,5,3,"S009","VIRTUAL"
"829",7,5,3,"S009","VIRTUAL"
"830",8,1,1,"S009","VIRTUAL"
"831",9,4,2,"S009","VIRTUAL"
"832",10,6,3,"S009","VIRTUAL"
"833",11,3,2,"S009","VIRTUAL"
"834",12,2,2,"S009","VIRTUAL"
"835",13,5,3,"S009","VIRTUAL"
"836",14,4,3,"S009","VIRTUAL"
"837",15,3,2.5,"S009","VIRTUAL"
"838",16,1,1,"S009","VIRTUAL"
"839",17,2,2,"S009","VIRTUAL"
"840",18,6,3,"S009","VIRTUAL"
"841",19,2,2,"S009","VIRTUAL"
"842",20,5,3,"S009","VIRTUAL"
"843",21,1,1,"S009","VIRTUAL"
"844",22,3,3,"S009","VIRTUAL"
"845",23,6,3.5,"S009","VIRTUAL"
"846",24,4,3,"S009","VIRTUAL"
"847",1,5,5,"S010","INDVIRTUAL"
"848",2,3,6,"S010","INDVIRTUAL"
"849",3,4,7.5,"S010","INDVIRTUAL"
"850",4,6,7.5,"S010","INDVIRTUAL"
"851",5,2,5,"S010","INDVIRTUAL"
"852",6,1,3,"S010","INDVIRTUAL"
"853",7,1,2.5,"S010","INDVIRTUAL"
"854",8,3,5,"S010","INDVIRTUAL"
"855",9,4,6.5,"S010","INDVIRTUAL"
"856",10,2,4,"S010","INDVIRTUAL"
"857",11,6,7,"S010","INDVIRTUAL"
"858",12,5,8,"S010","INDVIRTUAL"
"859",13,3,7.5,"S010","INDVIRTUAL"
"860",14,1,5,"S010","INDVIRTUAL"
"861",15,5,8,"S010","INDVIRTUAL"
"862",16,4,7,"S010","INDVIRTUAL"
"863",17,6,8,"S010","INDVIRTUAL"
"864",18,2,3,"S010","INDVIRTUAL"
"865",19,2,3,"S010","INDVIRTUAL"
"866",20,4,7,"S010","INDVIRTUAL"
"867",21,3,5,"S010","INDVIRTUAL"
"868",22,5,6,"S010","INDVIRTUAL"
"869",23,6,8.5,"S010","INDVIRTUAL"
"870",24,1,4,"S010","INDVIRTUAL"
"871",1,6,3.5,"S010","REAL"
"872",2,5,4,"S010","REAL"
"873",3,2,5.5,"S010","REAL"
"874",4,4,7,"S010","REAL"
"875",5,3,5,"S010","REAL"
"876",6,1,1.5,"S010","REAL"
"877",7,5,5,"S010","REAL"
"878",8,3,7,"S010","REAL"
"879",9,1,1.5,"S010","REAL"
"880",10,4,5,"S010","REAL"
"881",11,6,7.5,"S010","REAL"
"882",12,2,3,"S010","REAL"
"883",13,1,2,"S010","REAL"
"884",14,2,4.5,"S010","REAL"
"885",15,6,7,"S010","REAL"
"886",16,3,3.5,"S010","REAL"
"887",17,4,7,"S010","REAL"
"888",18,5,6,"S010","REAL"
"889",19,1,1.5,"S010","REAL"
"890",20,2,4,"S010","REAL"
"891",21,5,7,"S010","REAL"
"892",22,3,3.5,"S010","REAL"
"893",23,6,7,"S010","REAL"
"894",24,4,7,"S010","REAL"
"895",1,6,5,"S010","SIMULADO"
"896",2,3,1.5,"S010","SIMULADO"
"897",3,5,2.5,"S010","SIMULADO"
"898",4,1,1,"S010","SIMULADO"
"899",5,2,2,"S010","SIMULADO"
"900",6,4,2,"S010","SIMULADO"
"901",7,5,3,"S010","SIMULADO"
"902",8,1,1,"S010","SIMULADO"
"903",9,2,2,"S010","SIMULADO"
"904",10,3,2,"S010","SIMULADO"
"905",11,4,3,"S010","SIMULADO"
"906",12,6,4.5,"S010","SIMULADO"
"907",13,4,2.5,"S010","SIMULADO"
"908",14,5,3,"S010","SIMULADO"
"909",15,2,2,"S010","SIMULADO"
"910",16,3,2,"S010","SIMULADO"
"911",17,6,3.5,"S010","SIMULADO"
"912",18,1,1,"S010","SIMULADO"
"913",19,4,2.5,"S010","SIMULADO"
"914",20,3,2.5,"S010","SIMULADO"
"915",21,1,1.5,"S010","SIMULADO"
"916",22,5,3,"S010","SIMULADO"
"917",23,6,5,"S010","SIMULADO"
"918",24,2,2.5,"S010","SIMULADO"
"919",1,4,6,"S010","VIRTUAL"
"920",2,2,8,"S010","VIRTUAL"
"921",3,1,3,"S010","VIRTUAL"
"922",4,3,7,"S010","VIRTUAL"
"923",5,6,8,"S010","VIRTUAL"
"924",6,5,5,"S010","VIRTUAL"
"925",7,5,6,"S010","VIRTUAL"
"926",8,1,2,"S010","VIRTUAL"
"927",9,4,6,"S010","VIRTUAL"
"928",10,6,7,"S010","VIRTUAL"
"929",11,3,7,"S010","VIRTUAL"
"930",12,2,3,"S010","VIRTUAL"
"931",13,5,4,"S010","VIRTUAL"
"932",14,4,6,"S010","VIRTUAL"
"933",15,3,7,"S010","VIRTUAL"
"934",16,1,1.5,"S010","VIRTUAL"
"935",17,2,2,"S010","VIRTUAL"
"936",18,6,7,"S010","VIRTUAL"
"937",19,2,2,"S010","VIRTUAL"
"938",20,5,6,"S010","VIRTUAL"
"939",21,1,2.5,"S010","VIRTUAL"
"940",22,3,5.5,"S010","VIRTUAL"
"941",23,6,6.5,"S010","VIRTUAL"
"942",24,4,6.5,"S010","VIRTUAL"
"943",1,2,2,"S011","INDVIRTUAL"
"944",2,6,3,"S011","INDVIRTUAL"
"945",3,1,0.8,"S011","INDVIRTUAL"
"946",4,3,2.5,"S011","INDVIRTUAL"
"947",5,4,3,"S011","INDVIRTUAL"
"948",6,5,3,"S011","INDVIRTUAL"
"949",7,1,0.8,"S011","INDVIRTUAL"
"950",8,4,3,"S011","INDVIRTUAL"
"951",9,2,2,"S011","INDVIRTUAL"
"952",10,6,3,"S011","INDVIRTUAL"
"953",11,5,3,"S011","INDVIRTUAL"
"954",12,3,2.5,"S011","INDVIRTUAL"
"955",13,6,3.5,"S011","INDVIRTUAL"
"956",14,2,1.5,"S011","INDVIRTUAL"
"957",15,4,2.5,"S011","INDVIRTUAL"
"958",16,3,2.5,"S011","INDVIRTUAL"
"959",17,5,3,"S011","INDVIRTUAL"
"960",18,1,0.8,"S011","INDVIRTUAL"
"961",19,4,3,"S011","INDVIRTUAL"
"962",20,6,3.25,"S011","INDVIRTUAL"
"963",21,5,3,"S011","INDVIRTUAL"
"964",22,1,1,"S011","INDVIRTUAL"
"965",23,2,2,"S011","INDVIRTUAL"
"966",24,3,3,"S011","INDVIRTUAL"
"967",1,6,3,"S011","REAL"
"968",2,4,3,"S011","REAL"
"969",3,5,3.25,"S011","REAL"
"970",4,2,2,"S011","REAL"
"971",5,1,1,"S011","REAL"
"972",6,3,3.5,"S011","REAL"
"973",7,1,0.8,"S011","REAL"
"974",8,5,3,"S011","REAL"
"975",9,4,3.25,"S011","REAL"
"976",10,3,3,"S011","REAL"
"977",11,6,3.5,"S011","REAL"
"978",12,2,2,"S011","REAL"
"979",13,5,3,"S011","REAL"
"980",14,6,3.5,"S011","REAL"
"981",15,2,2,"S011","REAL"
"982",16,4,3,"S011","REAL"
"983",17,3,3,"S011","REAL"
"984",18,1,0.8,"S011","REAL"
"985",19,5,2.5,"S011","REAL"
"986",20,1,0.8,"S011","REAL"
"987",21,2,1.5,"S011","REAL"
"988",22,3,3,"S011","REAL"
"989",23,4,3,"S011","REAL"
"990",24,6,3.25,"S011","REAL"
"991",1,5,1,"S011","SIMULADO"
"992",2,3,0.5,"S011","SIMULADO"
"993",3,2,0.3,"S011","SIMULADO"
"994",4,6,1,"S011","SIMULADO"
"995",5,1,0,"S011","SIMULADO"
"996",6,4,0.3,"S011","SIMULADO"
"997",7,5,1,"S011","SIMULADO"
"998",8,4,0.3,"S011","SIMULADO"
"999",9,2,0.5,"S011","SIMULADO"
"1000",10,6,1.2,"S011","SIMULADO"
"1001",11,3,0.8,"S011","SIMULADO"
"1002",12,1,0,"S011","SIMULADO"
"1003",13,6,1.5,"S011","SIMULADO"
"1004",14,3,0.8,"S011","SIMULADO"
"1005",15,5,0.8,"S011","SIMULADO"
"1006",16,4,0.25,"S011","SIMULADO"
"1007",17,1,0.5,"S011","SIMULADO"
"1008",18,2,0.5,"S011","SIMULADO"
"1009",19,2,0.4,"S011","SIMULADO"
"1010",20,6,1.5,"S011","SIMULADO"
"1011",21,4,0.3,"S011","SIMULADO"
"1012",22,1,0.1,"S011","SIMULADO"
"1013",23,5,0.5,"S011","SIMULADO"
"1014",24,3,0.5,"S011","SIMULADO"
"1015",1,4,3,"S011","VIRTUAL"
"1016",2,6,3,"S011","VIRTUAL"
"1017",3,2,1,"S011","VIRTUAL"
"1018",4,3,2,"S011","VIRTUAL"
"1019",5,5,3.5,"S011","VIRTUAL"
"1020",6,1,0.3,"S011","VIRTUAL"
"1021",7,6,3,"S011","VIRTUAL"
"1022",8,1,0.4,"S011","VIRTUAL"
"1023",9,5,3.5,"S011","VIRTUAL"
"1024",10,2,2,"S011","VIRTUAL"
"1025",11,3,2.5,"S011","VIRTUAL"
"1026",12,4,3,"S011","VIRTUAL"
"1027",13,1,1,"S011","VIRTUAL"
"1028",14,6,3.25,"S011","VIRTUAL"
"1029",15,4,2.5,"S011","VIRTUAL"
"1030",16,2,1,"S011","VIRTUAL"
"1031",17,5,3.5,"S011","VIRTUAL"
"1032",18,3,2.5,"S011","VIRTUAL"
"1033",19,3,2,"S011","VIRTUAL"
"1034",20,4,2.5,"S011","VIRTUAL"
"1035",21,2,1.5,"S011","VIRTUAL"
"1036",22,6,3,"S011","VIRTUAL"
"1037",23,5,3.5,"S011","VIRTUAL"
"1038",24,1,0.5,"S011","VIRTUAL"
"1039",1,4,1.5,"S012","INDVIRTUAL"
"1040",2,2,0.9,"S012","INDVIRTUAL"
"1041",3,1,0.3,"S012","INDVIRTUAL"
"1042",4,3,1,"S012","INDVIRTUAL"
"1043",5,6,1.7,"S012","INDVIRTUAL"
"1044",6,5,1.7,"S012","INDVIRTUAL"
"1045",7,5,1.6,"S012","INDVIRTUAL"
"1046",8,1,0.2,"S012","INDVIRTUAL"
"1047",9,4,1.4,"S012","INDVIRTUAL"
"1048",10,6,1.7,"S012","INDVIRTUAL"
"1049",11,3,1.2,"S012","INDVIRTUAL"
"1050",12,2,0.6,"S012","INDVIRTUAL"
"1051",13,5,1.5,"S012","INDVIRTUAL"
"1052",14,4,1.5,"S012","INDVIRTUAL"
"1053",15,3,1.1,"S012","INDVIRTUAL"
"1054",16,1,0.25,"S012","INDVIRTUAL"
"1055",17,2,0.7,"S012","INDVIRTUAL"
"1056",18,6,1.8,"S012","INDVIRTUAL"
"1057",19,2,0.9,"S012","INDVIRTUAL"
"1058",20,5,1.2,"S012","INDVIRTUAL"
"1059",21,1,0.3,"S012","INDVIRTUAL"
"1060",22,3,1,"S012","INDVIRTUAL"
"1061",23,6,1.8,"S012","INDVIRTUAL"
"1062",24,4,1.5,"S012","INDVIRTUAL"
"1063",1,5,1.7,"S012","REAL"
"1064",2,3,1.5,"S012","REAL"
"1065",3,4,2,"S012","REAL"
"1066",4,6,2.2,"S012","REAL"
"1067",5,2,0.9,"S012","REAL"
"1068",6,1,0.3,"S012","REAL"
"1069",7,1,0.3,"S012","REAL"
"1070",8,3,1.5,"S012","REAL"
"1071",9,4,2,"S012","REAL"
"1072",10,2,1.2,"S012","REAL"
"1073",11,6,1.6,"S012","REAL"
"1074",12,5,1.5,"S012","REAL"
"1075",13,3,1.5,"S012","REAL"
"1076",14,1,0.2,"S012","REAL"
"1077",15,5,1.4,"S012","REAL"
"1078",16,4,1.7,"S012","REAL"
"1079",17,6,1.6,"S012","REAL"
"1080",18,2,0.8,"S012","REAL"
"1081",19,2,0.7,"S012","REAL"
"1082",20,4,1.5,"S012","REAL"
"1083",21,3,1.3,"S012","REAL"
"1084",22,5,1.5,"S012","REAL"
"1085",23,6,1.7,"S012","REAL"
"1086",24,1,0.3,"S012","REAL"
"1087",1,3,0.6,"S012","SIMULADO"
"1088",2,4,0.3,"S012","SIMULADO"
"1089",3,1,0.1,"S012","SIMULADO"
"1090",4,6,1,"S012","SIMULADO"
"1091",5,2,0.25,"S012","SIMULADO"
"1092",6,5,0.6,"S012","SIMULADO"
"1093",7,6,0.9,"S012","SIMULADO"
"1094",8,3,0.5,"S012","SIMULADO"
"1095",9,1,0.1,"S012","SIMULADO"
"1096",10,4,0.2,"S012","SIMULADO"
"1097",11,5,0.45,"S012","SIMULADO"
"1098",12,2,0.3,"S012","SIMULADO"
"1099",13,4,0.3,"S012","SIMULADO"
"1100",14,3,0.6,"S012","SIMULADO"
"1101",15,5,0.55,"S012","SIMULADO"
"1102",16,1,0.1,"S012","SIMULADO"
"1103",17,2,0.3,"S012","SIMULADO"
"1104",18,6,1,"S012","SIMULADO"
"1105",19,2,0.3,"S012","SIMULADO"
"1106",20,5,0.6,"S012","SIMULADO"
"1107",21,4,0.3,"S012","SIMULADO"
"1108",22,6,1,"S012","SIMULADO"
"1109",23,1,0.1,"S012","SIMULADO"
"1110",24,3,0.4,"S012","SIMULADO"
"1111",1,6,1.8,"S012","VIRTUAL"
"1112",2,3,1.6,"S012","VIRTUAL"
"1113",3,5,1.7,"S012","VIRTUAL"
"1114",4,1,0.4,"S012","VIRTUAL"
"1115",5,2,0.6,"S012","VIRTUAL"
"1116",6,4,2,"S012","VIRTUAL"
"1117",7,5,2,"S012","VIRTUAL"
"1118",8,1,0.3,"S012","VIRTUAL"
"1119",9,2,1,"S012","VIRTUAL"
"1120",10,3,1.7,"S012","VIRTUAL"
"1121",11,4,2,"S012","VIRTUAL"
"1122",12,6,2.4,"S012","VIRTUAL"
"1123",13,4,1.9,"S012","VIRTUAL"
"1124",14,5,1.8,"S012","VIRTUAL"
"1125",15,2,1,"S012","VIRTUAL"
"1126",16,3,1.6,"S012","VIRTUAL"
"1127",17,6,2.2,"S012","VIRTUAL"
"1128",18,1,0.4,"S012","VIRTUAL"
"1129",19,4,1.8,"S012","VIRTUAL"
"1130",20,3,1.6,"S012","VIRTUAL"
"1131",21,1,0.4,"S012","VIRTUAL"
"1132",22,5,2,"S012","VIRTUAL"
"1133",23,6,2.4,"S012","VIRTUAL"
"1134",24,2,1.5,"S012","VIRTUAL"
"1135",1,5,3,"S014","INDVIRTUAL"
"1136",2,3,3,"S014","INDVIRTUAL"
"1137",3,4,2,"S014","INDVIRTUAL"
"1138",4,6,4,"S014","INDVIRTUAL"
"1139",5,2,2,"S014","INDVIRTUAL"
"1140",6,1,1.5,"S014","INDVIRTUAL"
"1141",7,1,1.5,"S014","INDVIRTUAL"
"1142",8,3,5,"S014","INDVIRTUAL"
"1143",9,4,5,"S014","INDVIRTUAL"
"1144",10,2,3,"S014","INDVIRTUAL"
"1145",11,6,5,"S014","INDVIRTUAL"
"1146",12,5,4,"S014","INDVIRTUAL"
"1147",13,3,4,"S014","INDVIRTUAL"
"1148",14,1,1.5,"S014","INDVIRTUAL"
"1149",15,5,5,"S014","INDVIRTUAL"
"1150",16,4,5,"S014","INDVIRTUAL"
"1151",17,6,6,"S014","INDVIRTUAL"
"1152",18,2,5,"S014","INDVIRTUAL"
"1153",19,2,3,"S014","INDVIRTUAL"
"1154",20,4,4,"S014","INDVIRTUAL"
"1155",21,3,3,"S014","INDVIRTUAL"
"1156",22,5,3,"S014","INDVIRTUAL"
"1157",23,6,4,"S014","INDVIRTUAL"
"1158",24,1,2,"S014","INDVIRTUAL"
"1159",1,6,3,"S014","REAL"
"1160",2,5,3,"S014","REAL"
"1161",3,2,4,"S014","REAL"
"1162",4,4,5,"S014","REAL"
"1163",5,3,4,"S014","REAL"
"1164",6,1,2,"S014","REAL"
"1165",7,5,5,"S014","REAL"
"1166",8,3,5,"S014","REAL"
"1167",9,1,1.5,"S014","REAL"
"1168",10,4,5,"S014","REAL"
"1169",11,6,5,"S014","REAL"
"1170",12,2,2,"S014","REAL"
"1171",13,1,1,"S014","REAL"
"1172",14,2,3,"S014","REAL"
"1173",15,6,6,"S014","REAL"
"1174",16,3,4,"S014","REAL"
"1175",17,4,4,"S014","REAL"
"1176",18,5,5,"S014","REAL"
"1177",19,1,1,"S014","REAL"
"1178",20,2,3,"S014","REAL"
"1179",21,5,5,"S014","REAL"
"1180",22,3,5,"S014","REAL"
"1181",23,6,4,"S014","REAL"
"1182",24,4,4,"S014","REAL"
"1183",1,4,2,"S014","SIMULADO"
"1184",2,2,1.5,"S014","SIMULADO"
"1185",3,1,1.5,"S014","SIMULADO"
"1186",4,3,3,"S014","SIMULADO"
"1187",5,6,2.5,"S014","SIMULADO"
"1188",6,5,2,"S014","SIMULADO"
"1189",7,5,1.5,"S014","SIMULADO"
"1190",8,1,2,"S014","SIMULADO"
"1191",9,4,1.5,"S014","SIMULADO"
"1192",10,6,3,"S014","SIMULADO"
"1193",11,3,2.5,"S014","SIMULADO"
"1194",12,2,1.5,"S014","SIMULADO"
"1195",13,5,3,"S014","SIMULADO"
"1196",14,4,1.5,"S014","SIMULADO"
"1197",15,3,3,"S014","SIMULADO"
"1198",16,1,2,"S014","SIMULADO"
"1199",17,2,1.5,"S014","SIMULADO"
"1200",18,6,2.5,"S014","SIMULADO"
"1201",19,2,1,"S014","SIMULADO"
"1202",20,5,2,"S014","SIMULADO"
"1203",21,1,1.5,"S014","SIMULADO"
"1204",22,3,2,"S014","SIMULADO"
"1205",23,6,2.7,"S014","SIMULADO"
"1206",24,4,1.7,"S014","SIMULADO"
"1207",1,6,7,"S014","VIRTUAL"
"1208",2,3,6,"S014","VIRTUAL"
"1209",3,5,5,"S014","VIRTUAL"
"1210",4,1,3,"S014","VIRTUAL"
"1211",5,2,5,"S014","VIRTUAL"
"1212",6,4,7,"S014","VIRTUAL"
"1213",7,5,6,"S014","VIRTUAL"
"1214",8,1,2,"S014","VIRTUAL"
"1215",9,2,5,"S014","VIRTUAL"
"1216",10,3,5,"S014","VIRTUAL"
"1217",11,4,6,"S014","VIRTUAL"
"1218",12,6,6,"S014","VIRTUAL"
"1219",13,4,5,"S014","VIRTUAL"
"1220",14,5,5,"S014","VIRTUAL"
"1221",15,2,4,"S014","VIRTUAL"
"1222",16,3,6,"S014","VIRTUAL"
"1223",17,6,5,"S014","VIRTUAL"
"1224",18,1,2,"S014","VIRTUAL"
"1225",19,4,5,"S014","VIRTUAL"
"1226",20,3,4,"S014","VIRTUAL"
"1227",21,1,2,"S014","VIRTUAL"
"1228",22,5,6,"S014","VIRTUAL"
"1229",23,6,7,"S014","VIRTUAL"
"1230",24,2,3,"S014","VIRTUAL"
"1231",1,1,1.5,"S015","INDVIRTUAL"
"1232",2,6,4,"S015","INDVIRTUAL"
"1233",3,2,4,"S015","INDVIRTUAL"
"1234",4,5,5,"S015","INDVIRTUAL"
"1235",5,3,5,"S015","INDVIRTUAL"
"1236",6,4,5,"S015","INDVIRTUAL"
"1237",7,6,5,"S015","INDVIRTUAL"
"1238",8,1,1.5,"S015","INDVIRTUAL"
"1239",9,5,4,"S015","INDVIRTUAL"
"1240",10,4,5,"S015","INDVIRTUAL"
"1241",11,2,4,"S015","INDVIRTUAL"
"1242",12,3,3,"S015","INDVIRTUAL"
"1243",13,4,4,"S015","INDVIRTUAL"
"1244",14,3,4,"S015","INDVIRTUAL"
"1245",15,6,5,"S015","INDVIRTUAL"
"1246",16,2,3,"S015","INDVIRTUAL"
"1247",17,5,4,"S015","INDVIRTUAL"
"1248",18,1,1.5,"S015","INDVIRTUAL"
"1249",19,3,4,"S015","INDVIRTUAL"
"1250",20,1,1.5,"S015","INDVIRTUAL"
"1251",21,2,3,"S015","INDVIRTUAL"
"1252",22,5,4,"S015","INDVIRTUAL"
"1253",23,6,4,"S015","INDVIRTUAL"
"1254",24,4,4,"S015","INDVIRTUAL"
"1255",1,1,1.5,"S015","REAL"
"1256",2,5,3,"S015","REAL"
"1257",3,3,4,"S015","REAL"
"1258",4,6,4,"S015","REAL"
"1259",5,4,4.5,"S015","REAL"
"1260",6,2,4,"S015","REAL"
"1261",7,6,5,"S015","REAL"
"1262",8,4,5.5,"S015","REAL"
"1263",9,2,3,"S015","REAL"
"1264",10,1,2,"S015","REAL"
"1265",11,5,4,"S015","REAL"
"1266",12,3,4,"S015","REAL"
"1267",13,4,5,"S015","REAL"
"1268",14,1,2,"S015","REAL"
"1269",15,5,4,"S015","REAL"
"1270",16,6,5,"S015","REAL"
"1271",17,3,5,"S015","REAL"
"1272",18,2,3.5,"S015","REAL"
"1273",19,5,4,"S015","REAL"
"1274",20,2,3.5,"S015","REAL"
"1275",21,6,5,"S015","REAL"
"1276",22,3,5,"S015","REAL"
"1277",23,1,2,"S015","REAL"
"1278",24,4,3.5,"S015","REAL"
"1279",1,5,1,"S015","SIMULADO"
"1280",2,4,0.5,"S015","SIMULADO"
"1281",3,2,0.3,"S015","SIMULADO"
"1282",4,1,0.15,"S015","SIMULADO"
"1283",5,6,2,"S015","SIMULADO"
"1284",6,3,1.5,"S015","SIMULADO"
"1285",7,6,2,"S015","SIMULADO"
"1286",8,3,1,"S015","SIMULADO"
"1287",9,1,0.1,"S015","SIMULADO"
"1288",10,2,0.5,"S015","SIMULADO"
"1289",11,5,1.5,"S015","SIMULADO"
"1290",12,4,0.6,"S015","SIMULADO"
"1291",13,3,1,"S015","SIMULADO"
"1292",14,2,1,"S015","SIMULADO"
"1293",15,1,0.5,"S015","SIMULADO"
"1294",16,4,1,"S015","SIMULADO"
"1295",17,5,1.5,"S015","SIMULADO"
"1296",18,6,2,"S015","SIMULADO"
"1297",19,6,2,"S015","SIMULADO"
"1298",20,4,0.5,"S015","SIMULADO"
"1299",21,5,1.5,"S015","SIMULADO"
"1300",22,2,0.5,"S015","SIMULADO"
"1301",23,1,0.15,"S015","SIMULADO"
"1302",24,3,1,"S015","SIMULADO"
"1303",1,3,3,"S015","VIRTUAL"
"1304",2,1,1.5,"S015","VIRTUAL"
"1305",3,5,3,"S015","VIRTUAL"
"1306",4,4,3,"S015","VIRTUAL"
"1307",5,2,2.5,"S015","VIRTUAL"
"1308",6,6,4,"S015","VIRTUAL"
"1309",7,1,1.5,"S015","VIRTUAL"
"1310",8,6,4,"S015","VIRTUAL"
"1311",9,3,3,"S015","VIRTUAL"
"1312",10,5,4,"S015","VIRTUAL"
"1313",11,4,4,"S015","VIRTUAL"
"1314",12,2,3,"S015","VIRTUAL"
"1315",13,6,4,"S015","VIRTUAL"
"1316",14,5,4,"S015","VIRTUAL"
"1317",15,1,1.5,"S015","VIRTUAL"
"1318",16,2,2.5,"S015","VIRTUAL"
"1319",17,4,4,"S015","VIRTUAL"
"1320",18,3,4,"S015","VIRTUAL"
"1321",19,2,3,"S015","VIRTUAL"
"1322",20,3,3,"S015","VIRTUAL"
"1323",21,5,4,"S015","VIRTUAL"
"1324",22,4,4,"S015","VIRTUAL"
"1325",23,1,1.5,"S015","VIRTUAL"
"1326",24,6,4,"S015","VIRTUAL"
"1327",1,6,4,"S016","INDVIRTUAL"
"1328",2,4,1,"S016","INDVIRTUAL"
"1329",3,5,3,"S016","INDVIRTUAL"
"1330",4,1,0.3,"S016","INDVIRTUAL"
"1331",5,3,1.5,"S016","INDVIRTUAL"
"1332",6,2,1.5,"S016","INDVIRTUAL"
"1333",7,2,1.5,"S016","INDVIRTUAL"
"1334",8,4,4,"S016","INDVIRTUAL"
"1335",9,5,4,"S016","INDVIRTUAL"
"1336",10,3,3,"S016","INDVIRTUAL"
"1337",11,1,0.5,"S016","INDVIRTUAL"
"1338",12,6,5,"S016","INDVIRTUAL"
"1339",13,4,5,"S016","INDVIRTUAL"
"1340",14,2,3,"S016","INDVIRTUAL"
"1341",15,6,2,"S016","INDVIRTUAL"
"1342",16,5,3,"S016","INDVIRTUAL"
"1343",17,1,0.5,"S016","INDVIRTUAL"
"1344",18,3,5,"S016","INDVIRTUAL"
"1345",19,3,5,"S016","INDVIRTUAL"
"1346",20,5,4,"S016","INDVIRTUAL"
"1347",21,4,2,"S016","INDVIRTUAL"
"1348",22,6,4,"S016","INDVIRTUAL"
"1349",23,1,1,"S016","INDVIRTUAL"
"1350",24,2,1,"S016","INDVIRTUAL"
"1351",1,4,2,"S016","REAL"
"1352",2,1,0.5,"S016","REAL"
"1353",3,5,4,"S016","REAL"
"1354",4,3,3,"S016","REAL"
"1355",5,6,5,"S016","REAL"
"1356",6,2,2,"S016","REAL"
"1357",7,2,2,"S016","REAL"
"1358",8,1,1,"S016","REAL"
"1359",9,5,4,"S016","REAL"
"1360",10,4,4,"S016","REAL"
"1361",11,3,3,"S016","REAL"
"1362",12,6,5,"S016","REAL"
"1363",13,6,5,"S016","REAL"
"1364",14,1,1,"S016","REAL"
"1365",15,4,5,"S016","REAL"
"1366",16,5,5,"S016","REAL"
"1367",17,3,3,"S016","REAL"
"1368",18,2,2,"S016","REAL"
"1369",19,1,1,"S016","REAL"
"1370",20,5,4,"S016","REAL"
"1371",21,2,1,"S016","REAL"
"1372",22,6,5,"S016","REAL"
"1373",23,3,3,"S016","REAL"
"1374",24,4,5,"S016","REAL"
"1375",1,2,0.7,"S016","SIMULADO"
"1376",2,3,0.7,"S016","SIMULADO"
"1377",3,6,0.5,"S016","SIMULADO"
"1378",4,4,0.5,"S016","SIMULADO"
"1379",5,5,0.7,"S016","SIMULADO"
"1380",6,1,0.7,"S016","SIMULADO"
"1381",7,3,1,"S016","SIMULADO"
"1382",8,1,1,"S016","SIMULADO"
"1383",9,4,1,"S016","SIMULADO"
"1384",10,6,3,"S016","SIMULADO"
"1385",11,5,1.5,"S016","SIMULADO"
"1386",12,2,1,"S016","SIMULADO"
"1387",13,3,1,"S016","SIMULADO"
"1388",14,4,0.7,"S016","SIMULADO"
"1389",15,5,3,"S016","SIMULADO"
"1390",16,2,1,"S016","SIMULADO"
"1391",17,6,4,"S016","SIMULADO"
"1392",18,1,0.7,"S016","SIMULADO"
"1393",19,5,0.5,"S016","SIMULADO"
"1394",20,6,2,"S016","SIMULADO"
"1395",21,3,2,"S016","SIMULADO"
"1396",22,2,1,"S016","SIMULADO"
"1397",23,4,1,"S016","SIMULADO"
"1398",24,1,1,"S016","SIMULADO"
"1399",1,6,6,"S016","VIRTUAL"
"1400",2,5,5,"S016","VIRTUAL"
"1401",3,2,2,"S016","VIRTUAL"
"1402",4,4,4,"S016","VIRTUAL"
"1403",5,3,2,"S016","VIRTUAL"
"1404",6,1,0.5,"S016","VIRTUAL"
"1405",7,5,2,"S016","VIRTUAL"
"1406",8,3,3,"S016","VIRTUAL"
"1407",9,1,1.5,"S016","VIRTUAL"
"1408",10,4,4,"S016","VIRTUAL"
"1409",11,6,5,"S016","VIRTUAL"
"1410",12,2,1.5,"S016","VIRTUAL"
"1411",13,1,0.5,"S016","VIRTUAL"
"1412",14,2,1,"S016","VIRTUAL"
"1413",15,6,3,"S016","VIRTUAL"
"1414",16,3,4,"S016","VIRTUAL"
"1415",17,4,3,"S016","VIRTUAL"
"1416",18,5,5,"S016","VIRTUAL"
"1417",19,1,1,"S016","VIRTUAL"
"1418",20,2,1.5,"S016","VIRTUAL"
"1419",21,5,5,"S016","VIRTUAL"
"1420",22,3,4,"S016","VIRTUAL"
"1421",23,6,6,"S016","VIRTUAL"
"1422",24,4,5,"S016","VIRTUAL"
"1423",1,2,3,"S017","INDVIRTUAL"
"1424",2,3,5,"S017","INDVIRTUAL"
"1425",3,6,6,"S017","INDVIRTUAL"
"1426",4,4,4.5,"S017","INDVIRTUAL"
"1427",5,5,4.5,"S017","INDVIRTUAL"
"1428",6,1,2,"S017","INDVIRTUAL"
"1429",7,3,4,"S017","INDVIRTUAL"
"1430",8,1,2.5,"S017","INDVIRTUAL"
"1431",9,4,5,"S017","INDVIRTUAL"
"1432",10,6,6,"S017","INDVIRTUAL"
"1433",11,5,5.5,"S017","INDVIRTUAL"
"1434",12,2,3,"S017","INDVIRTUAL"
"1435",13,3,4,"S017","INDVIRTUAL"
"1436",14,4,4.5,"S017","INDVIRTUAL"
"1437",15,5,5,"S017","INDVIRTUAL"
"1438",16,2,2.5,"S017","INDVIRTUAL"
"1439",17,6,6,"S017","INDVIRTUAL"
"1440",18,1,1,"S017","INDVIRTUAL"
"1441",19,5,4.5,"S017","INDVIRTUAL"
"1442",20,6,5.5,"S017","INDVIRTUAL"
"1443",21,3,4,"S017","INDVIRTUAL"
"1444",22,2,3,"S017","INDVIRTUAL"
"1445",23,4,5,"S017","INDVIRTUAL"
"1446",24,1,1,"S017","INDVIRTUAL"
"1447",1,4,4,"S017","REAL"
"1448",2,1,1.5,"S017","REAL"
"1449",3,5,5,"S017","REAL"
"1450",4,3,3,"S017","REAL"
"1451",5,6,6,"S017","REAL"
"1452",6,2,3,"S017","REAL"
"1453",7,2,2.5,"S017","REAL"
"1454",8,1,1.5,"S017","REAL"
"1455",9,5,5.5,"S017","REAL"
"1456",10,4,6.5,"S017","REAL"
"1457",11,3,4,"S017","REAL"
"1458",12,6,6,"S017","REAL"
"1459",13,6,6.5,"S017","REAL"
"1460",14,1,2,"S017","REAL"
"1461",15,4,4.5,"S017","REAL"
"1462",16,5,5,"S017","REAL"
"1463",17,3,4,"S017","REAL"
"1464",18,2,2,"S017","REAL"
"1465",19,1,1,"S017","REAL"
"1466",20,5,5.5,"S017","REAL"
"1467",21,2,3.5,"S017","REAL"
"1468",22,6,6,"S017","REAL"
"1469",23,3,4.5,"S017","REAL"
"1470",24,4,5.5,"S017","REAL"
"1471",1,6,2,"S017","SIMULADO"
"1472",2,5,1.5,"S017","SIMULADO"
"1473",3,2,1,"S017","SIMULADO"
"1474",4,4,0.5,"S017","SIMULADO"
"1475",5,3,1,"S017","SIMULADO"
"1476",6,1,0.5,"S017","SIMULADO"
"1477",7,5,2,"S017","SIMULADO"
"1478",8,3,1.5,"S017","SIMULADO"
"1479",9,1,0.5,"S017","SIMULADO"
"1480",10,4,1,"S017","SIMULADO"
"1481",11,6,2,"S017","SIMULADO"
"1482",12,2,0.5,"S017","SIMULADO"
"1483",13,1,0.5,"S017","SIMULADO"
"1484",14,2,1,"S017","SIMULADO"
"1485",15,6,2.5,"S017","SIMULADO"
"1486",16,3,1.5,"S017","SIMULADO"
"1487",17,4,0.5,"S017","SIMULADO"
"1488",18,5,3,"S017","SIMULADO"
"1489",19,1,0.5,"S017","SIMULADO"
"1490",20,2,1,"S017","SIMULADO"
"1491",21,5,2.5,"S017","SIMULADO"
"1492",22,3,1.5,"S017","SIMULADO"
"1493",23,6,3.5,"S017","SIMULADO"
"1494",24,4,1,"S017","SIMULADO"
"1495",1,6,6,"S017","VIRTUAL"
"1496",2,4,6.5,"S017","VIRTUAL"
"1497",3,5,5,"S017","VIRTUAL"
"1498",4,1,1,"S017","VIRTUAL"
"1499",5,3,4,"S017","VIRTUAL"
"1500",6,2,3,"S017","VIRTUAL"
"1501",7,2,2.5,"S017","VIRTUAL"
"1502",8,4,5,"S017","VIRTUAL"
"1503",9,5,6,"S017","VIRTUAL"
"1504",10,3,6,"S017","VIRTUAL"
"1505",11,1,1.5,"S017","VIRTUAL"
"1506",12,6,4,"S017","VIRTUAL"
"1507",13,4,3.5,"S017","VIRTUAL"
"1508",14,2,2.5,"S017","VIRTUAL"
"1509",15,6,5,"S017","VIRTUAL"
"1510",16,5,4.5,"S017","VIRTUAL"
"1511",17,1,2,"S017","VIRTUAL"
"1512",18,3,4.5,"S017","VIRTUAL"
"1513",19,3,5.5,"S017","VIRTUAL"
"1514",20,5,4.5,"S017","VIRTUAL"
"1515",21,4,5,"S017","VIRTUAL"
"1516",22,6,6.5,"S017","VIRTUAL"
"1517",23,1,2,"S017","VIRTUAL"
"1518",24,2,3,"S017","VIRTUAL"
"1519",1,6,7,"S018","INDVIRTUAL"
"1520",2,3,5,"S018","INDVIRTUAL"
"1521",3,5,6,"S018","INDVIRTUAL"
"1522",4,1,2,"S018","INDVIRTUAL"
"1523",5,2,4,"S018","INDVIRTUAL"
"1524",6,4,6,"S018","INDVIRTUAL"
"1525",7,5,5,"S018","INDVIRTUAL"
"1526",8,1,2,"S018","INDVIRTUAL"
"1527",9,2,5,"S018","INDVIRTUAL"
"1528",10,3,5,"S018","INDVIRTUAL"
"1529",11,4,6,"S018","INDVIRTUAL"
"1530",12,6,7,"S018","INDVIRTUAL"
"1531",13,4,6,"S018","INDVIRTUAL"
"1532",14,5,6,"S018","INDVIRTUAL"
"1533",15,2,4,"S018","INDVIRTUAL"
"1534",16,3,5,"S018","INDVIRTUAL"
"1535",17,6,7,"S018","INDVIRTUAL"
"1536",18,1,2,"S018","INDVIRTUAL"
"1537",19,4,6,"S018","INDVIRTUAL"
"1538",20,3,5,"S018","INDVIRTUAL"
"1539",21,1,3,"S018","INDVIRTUAL"
"1540",22,5,6,"S018","INDVIRTUAL"
"1541",23,6,7,"S018","INDVIRTUAL"
"1542",24,2,4,"S018","INDVIRTUAL"
"1543",1,5,6,"S018","REAL"
"1544",2,3,5,"S018","REAL"
"1545",3,4,5,"S018","REAL"
"1546",4,6,7,"S018","REAL"
"1547",5,2,5,"S018","REAL"
"1548",6,1,3,"S018","REAL"
"1549",7,1,3,"S018","REAL"
"1550",8,3,6,"S018","REAL"
"1551",9,4,6,"S018","REAL"
"1552",10,2,4,"S018","REAL"
"1553",11,6,6,"S018","REAL"
"1554",12,5,6,"S018","REAL"
"1555",13,3,6,"S018","REAL"
"1556",14,1,2,"S018","REAL"
"1557",15,5,6,"S018","REAL"
"1558",16,4,5,"S018","REAL"
"1559",17,6,6,"S018","REAL"
"1560",18,2,4,"S018","REAL"
"1561",19,2,5,"S018","REAL"
"1562",20,4,6,"S018","REAL"
"1563",21,3,6,"S018","REAL"
"1564",22,5,7,"S018","REAL"
"1565",23,6,7,"S018","REAL"
"1566",24,1,3,"S018","REAL"
"1567",1,4,2,"S018","SIMULADO"
"1568",2,2,2,"S018","SIMULADO"
"1569",3,1,1.5,"S018","SIMULADO"
"1570",4,3,3,"S018","SIMULADO"
"1571",5,6,4,"S018","SIMULADO"
"1572",6,5,5,"S018","SIMULADO"
"1573",7,5,4,"S018","SIMULADO"
"1574",8,1,1.5,"S018","SIMULADO"
"1575",9,4,2,"S018","SIMULADO"
"1576",10,6,4,"S018","SIMULADO"
"1577",11,3,3,"S018","SIMULADO"
"1578",12,2,3,"S018","SIMULADO"
"1579",13,5,4,"S018","SIMULADO"
"1580",14,4,2,"S018","SIMULADO"
"1581",15,3,4,"S018","SIMULADO"
"1582",16,1,1.5,"S018","SIMULADO"
"1583",17,2,2,"S018","SIMULADO"
"1584",18,6,4,"S018","SIMULADO"
"1585",19,2,2,"S018","SIMULADO"
"1586",20,5,4,"S018","SIMULADO"
"1587",21,1,1.5,"S018","SIMULADO"
"1588",22,3,3,"S018","SIMULADO"
"1589",23,6,5,"S018","SIMULADO"
"1590",24,4,2,"S018","SIMULADO"
"1591",1,3,6,"S018","VIRTUAL"
"1592",2,4,6,"S018","VIRTUAL"
"1593",3,1,3,"S018","VIRTUAL"
"1594",4,6,6,"S018","VIRTUAL"
"1595",5,2,4,"S018","VIRTUAL"
"1596",6,5,6,"S018","VIRTUAL"
"1597",7,6,6,"S018","VIRTUAL"
"1598",8,3,5,"S018","VIRTUAL"
"1599",9,1,3,"S018","VIRTUAL"
"1600",10,4,6,"S018","VIRTUAL"
"1601",11,5,6,"S018","VIRTUAL"
"1602",12,2,4,"S018","VIRTUAL"
"1603",13,4,6,"S018","VIRTUAL"
"1604",14,3,5,"S018","VIRTUAL"
"1605",15,5,5,"S018","VIRTUAL"
"1606",16,1,3,"S018","VIRTUAL"
"1607",17,2,4,"S018","VIRTUAL"
"1608",18,6,6,"S018","VIRTUAL"
"1609",19,2,5,"S018","VIRTUAL"
"1610",20,5,6,"S018","VIRTUAL"
"1611",21,4,5,"S018","VIRTUAL"
"1612",22,6,6,"S018","VIRTUAL"
"1613",23,1,3,"S018","VIRTUAL"
"1614",24,3,5,"S018","VIRTUAL"
"1615",1,3,2.5,"S019","INDVIRTUAL"
"1616",2,4,3,"S019","INDVIRTUAL"
"1617",3,1,2,"S019","INDVIRTUAL"
"1618",4,6,3,"S019","INDVIRTUAL"
"1619",5,2,2.5,"S019","INDVIRTUAL"
"1620",6,5,3.5,"S019","INDVIRTUAL"
"1621",7,6,4,"S019","INDVIRTUAL"
"1622",8,3,3,"S019","INDVIRTUAL"
"1623",9,1,2.5,"S019","INDVIRTUAL"
"1624",10,4,3.5,"S019","INDVIRTUAL"
"1625",11,5,4,"S019","INDVIRTUAL"
"1626",12,2,3,"S019","INDVIRTUAL"
"1627",13,4,4,"S019","INDVIRTUAL"
"1628",14,3,4,"S019","INDVIRTUAL"
"1629",15,5,4.5,"S019","INDVIRTUAL"
"1630",16,1,3,"S019","INDVIRTUAL"
"1631",17,2,3.5,"S019","INDVIRTUAL"
"1632",18,6,4.5,"S019","INDVIRTUAL"
"1633",19,2,3.5,"S019","INDVIRTUAL"
"1634",20,5,4,"S019","INDVIRTUAL"
"1635",21,4,4,"S019","INDVIRTUAL"
"1636",22,6,4.5,"S019","INDVIRTUAL"
"1637",23,1,3,"S019","INDVIRTUAL"
"1638",24,3,4,"S019","INDVIRTUAL"
"1639",1,6,2,"S019","REAL"
"1640",2,3,2,"S019","REAL"
"1641",3,5,2.5,"S019","REAL"
"1642",4,1,2,"S019","REAL"
"1643",5,2,2.5,"S019","REAL"
"1644",6,4,3,"S019","REAL"
"1645",7,5,3.5,"S019","REAL"
"1646",8,1,3,"S019","REAL"
"1647",9,2,3.5,"S019","REAL"
"1648",10,3,4,"S019","REAL"
"1649",11,4,4.5,"S019","REAL"
"1650",12,6,4.5,"S019","REAL"
"1651",13,4,4,"S019","REAL"
"1652",14,5,4.5,"S019","REAL"
"1653",15,2,4,"S019","REAL"
"1654",16,3,4.5,"S019","REAL"
"1655",17,6,5,"S019","REAL"
"1656",18,1,3.5,"S019","REAL"
"1657",19,4,4,"S019","REAL"
"1658",20,3,4,"S019","REAL"
"1659",21,1,3,"S019","REAL"
"1660",22,5,4,"S019","REAL"
"1661",23,6,4.5,"S019","REAL"
"1662",24,2,4,"S019","REAL"
"1663",1,4,2,"S019","SIMULADO"
"1664",2,2,1.5,"S019","SIMULADO"
"1665",3,1,1,"S019","SIMULADO"
"1666",4,3,1.5,"S019","SIMULADO"
"1667",5,6,2,"S019","SIMULADO"
"1668",6,5,2,"S019","SIMULADO"
"1669",7,5,2.5,"S019","SIMULADO"
"1670",8,1,1.5,"S019","SIMULADO"
"1671",9,4,1,"S019","SIMULADO"
"1672",10,6,2,"S019","SIMULADO"
"1673",11,3,2.5,"S019","SIMULADO"
"1674",12,2,2,"S019","SIMULADO"
"1675",13,5,3,"S019","SIMULADO"
"1676",14,4,2,"S019","SIMULADO"
"1677",15,3,2.5,"S019","SIMULADO"
"1678",16,1,3,"S019","SIMULADO"
"1679",17,2,2,"S019","SIMULADO"
"1680",18,6,3.5,"S019","SIMULADO"
"1681",19,2,2,"S019","SIMULADO"
"1682",20,5,3,"S019","SIMULADO"
"1683",21,1,3,"S019","SIMULADO"
"1684",22,3,2,"S019","SIMULADO"
"1685",23,6,3.5,"S019","SIMULADO"
"1686",24,4,2,"S019","SIMULADO"
"1687",1,1,2,"S019","VIRTUAL"
"1688",2,5,3,"S019","VIRTUAL"
"1689",3,3,4,"S019","VIRTUAL"
"1690",4,6,4,"S019","VIRTUAL"
"1691",5,4,3.5,"S019","VIRTUAL"
"1692",6,2,3,"S019","VIRTUAL"
"1693",7,6,3.5,"S019","VIRTUAL"
"1694",8,4,4,"S019","VIRTUAL"
"1695",9,2,3.5,"S019","VIRTUAL"
"1696",10,1,2.5,"S019","VIRTUAL"
"1697",11,5,3.5,"S019","VIRTUAL"
"1698",12,3,3.5,"S019","VIRTUAL"
"1699",13,4,4,"S019","VIRTUAL"
"1700",14,1,3,"S019","VIRTUAL"
"1701",15,5,4,"S019","VIRTUAL"
"1702",16,6,4.5,"S019","VIRTUAL"
"1703",17,3,4.5,"S019","VIRTUAL"
"1704",18,2,4,"S019","VIRTUAL"
"1705",19,5,4,"S019","VIRTUAL"
"1706",20,2,3.5,"S019","VIRTUAL"
"1707",21,6,4.5,"S019","VIRTUAL"
"1708",22,3,4,"S019","VIRTUAL"
"1709",23,1,3,"S019","VIRTUAL"
"1710",24,4,4,"S019","VIRTUAL"
"1711",1,4,7,"S020","REAL"
"1712",2,1,2,"S020","REAL"
"1713",3,5,6,"S020","REAL"
"1714",4,3,8,"S020","REAL"
"1715",5,6,7,"S020","REAL"
"1716",6,2,4,"S020","REAL"
"1717",7,2,3,"S020","REAL"
"1718",8,1,1.5,"S020","REAL"
"1719",9,5,4,"S020","REAL"
"1720",10,4,6,"S020","REAL"
"1721",11,3,5,"S020","REAL"
"1722",12,6,7,"S020","REAL"
"1723",13,6,8,"S020","REAL"
"1724",14,1,1.5,"S020","REAL"
"1725",15,4,5,"S020","REAL"
"1726",16,5,4,"S020","REAL"
"1727",17,3,5,"S020","REAL"
"1728",18,2,2,"S020","REAL"
"1729",19,1,1.5,"S020","REAL"
"1730",20,5,5,"S020","REAL"
"1731",21,2,3,"S020","REAL"
"1732",22,6,5,"S020","REAL"
"1733",23,3,6,"S020","REAL"
"1734",24,4,6,"S020","REAL"
"1735",1,5,7,"S020","VIRTUAL"
"1736",2,3,9,"S020","VIRTUAL"
"1737",3,4,7,"S020","VIRTUAL"
"1738",4,6,12,"S020","VIRTUAL"
"1739",5,2,6,"S020","VIRTUAL"
"1740",6,1,4,"S020","VIRTUAL"
"1741",7,1,3,"S020","VIRTUAL"
"1742",8,3,10,"S020","VIRTUAL"
"1743",9,4,8,"S020","VIRTUAL"
"1744",10,2,7,"S020","VIRTUAL"
"1745",11,6,12,"S020","VIRTUAL"
"1746",12,5,9,"S020","VIRTUAL"
"1747",13,3,6,"S020","VIRTUAL"
"1748",14,1,3,"S020","VIRTUAL"
"1749",15,5,9,"S020","VIRTUAL"
"1750",16,4,7,"S020","VIRTUAL"
"1751",17,6,12,"S020","VIRTUAL"
"1752",18,2,7,"S020","VIRTUAL"
"1753",19,2,6,"S020","VIRTUAL"
"1754",20,4,9,"S020","VIRTUAL"
"1755",21,3,7,"S020","VIRTUAL"
"1756",22,5,9,"S020","VIRTUAL"
"1757",23,6,10,"S020","VIRTUAL"
"1758",24,1,3,"S020","VIRTUAL"
"1759",1,3,2,"S021","INDVIRTUAL"
"1760",2,4,2,"S021","INDVIRTUAL"
"1761",3,1,0.5,"S021","INDVIRTUAL"
"1762",4,6,3,"S021","INDVIRTUAL"
"1763",5,2,1,"S021","INDVIRTUAL"
"1764",6,5,2,"S021","INDVIRTUAL"
"1765",7,6,2.5,"S021","INDVIRTUAL"
"1766",8,3,1.5,"S021","INDVIRTUAL"
"1767",9,1,0.5,"S021","INDVIRTUAL"
"1768",10,4,2,"S021","INDVIRTUAL"
"1769",11,5,2,"S021","INDVIRTUAL"
"1770",12,2,1,"S021","INDVIRTUAL"
"1771",13,4,2,"S021","INDVIRTUAL"
"1772",14,3,1.5,"S021","INDVIRTUAL"
"1773",15,5,2,"S021","INDVIRTUAL"
"1774",16,1,0.5,"S021","INDVIRTUAL"
"1775",17,2,1.5,"S021","INDVIRTUAL"
"1776",18,6,2,"S021","INDVIRTUAL"
"1777",19,2,1,"S021","INDVIRTUAL"
"1778",20,5,1.5,"S021","INDVIRTUAL"
"1779",21,4,1.5,"S021","INDVIRTUAL"
"1780",22,6,2.5,"S021","INDVIRTUAL"
"1781",23,1,0.5,"S021","INDVIRTUAL"
"1782",24,3,2,"S021","INDVIRTUAL"
"1783",1,6,4,"S021","REAL"
"1784",2,3,3,"S021","REAL"
"1785",3,5,3,"S021","REAL"
"1786",4,1,0.5,"S021","REAL"
"1787",5,2,1,"S021","REAL"
"1788",6,4,2.5,"S021","REAL"
"1789",7,5,3,"S021","REAL"
"1790",8,1,0.5,"S021","REAL"
"1791",9,2,1.5,"S021","REAL"
"1792",10,3,2,"S021","REAL"
"1793",11,4,2.5,"S021","REAL"
"1794",12,6,3,"S021","REAL"
"1795",13,4,2.5,"S021","REAL"
"1796",14,5,2.5,"S021","REAL"
"1797",15,2,1,"S021","REAL"
"1798",16,3,1.5,"S021","REAL"
"1799",17,6,2,"S021","REAL"
"1800",18,1,0.5,"S021","REAL"
"1801",19,4,2,"S021","REAL"
"1802",20,3,1.5,"S021","REAL"
"1803",21,1,0.5,"S021","REAL"
"1804",22,5,3,"S021","REAL"
"1805",23,6,3,"S021","REAL"
"1806",24,2,1.5,"S021","REAL"
"1807",1,1,1,"S021","SIMULADO"
"1808",2,5,0.5,"S021","SIMULADO"
"1809",3,3,0.5,"S021","SIMULADO"
"1810",4,6,1,"S021","SIMULADO"
"1811",5,4,0.5,"S021","SIMULADO"
"1812",6,2,0.5,"S021","SIMULADO"
"1813",7,6,1,"S021","SIMULADO"
"1814",8,4,1,"S021","SIMULADO"
"1815",9,2,0.5,"S021","SIMULADO"
"1816",10,1,1.5,"S021","SIMULADO"
"1817",11,5,1.5,"S021","SIMULADO"
"1818",12,3,1,"S021","SIMULADO"
"1819",13,4,0.5,"S021","SIMULADO"
"1820",14,1,1,"S021","SIMULADO"
"1821",15,5,0.5,"S021","SIMULADO"
"1822",16,6,0.5,"S021","SIMULADO"
"1823",17,3,1,"S021","SIMULADO"
"1824",18,2,0.5,"S021","SIMULADO"
"1825",19,5,1,"S021","SIMULADO"
"1826",20,2,0.4,"S021","SIMULADO"
"1827",21,6,1,"S021","SIMULADO"
"1828",22,3,0.5,"S021","SIMULADO"
"1829",23,1,0.5,"S021","SIMULADO"
"1830",24,4,0.3,"S021","SIMULADO"
"1831",1,4,2,"S021","VIRTUAL"
"1832",2,2,1,"S021","VIRTUAL"
"1833",3,1,0.5,"S021","VIRTUAL"
"1834",4,3,2,"S021","VIRTUAL"
"1835",5,6,2.5,"S021","VIRTUAL"
"1836",6,5,2,"S021","VIRTUAL"
"1837",7,5,2,"S021","VIRTUAL"
"1838",8,1,0.5,"S021","VIRTUAL"
"1839",9,4,2,"S021","VIRTUAL"
"1840",10,6,2,"S021","VIRTUAL"
"1841",11,3,1.5,"S021","VIRTUAL"
"1842",12,2,1,"S021","VIRTUAL"
"1843",13,5,2,"S021","VIRTUAL"
"1844",14,4,1.5,"S021","VIRTUAL"
"1845",15,3,1.5,"S021","VIRTUAL"
"1846",16,1,0.5,"S021","VIRTUAL"
"1847",17,2,1,"S021","VIRTUAL"
"1848",18,6,2,"S021","VIRTUAL"
"1849",19,2,1,"S021","VIRTUAL"
"1850",20,5,2,"S021","VIRTUAL"
"1851",21,1,0.5,"S021","VIRTUAL"
"1852",22,3,1.5,"S021","VIRTUAL"
"1853",23,6,2,"S021","VIRTUAL"
"1854",24,4,2,"S021","VIRTUAL"
"1855",1,4,6,"S022","INDVIRTUAL"
"1856",2,2,3.5,"S022","INDVIRTUAL"
"1857",3,1,2.5,"S022","INDVIRTUAL"
"1858",4,3,5,"S022","INDVIRTUAL"
"1859",5,6,7,"S022","INDVIRTUAL"
"1860",6,5,7,"S022","INDVIRTUAL"
"1861",7,5,6,"S022","INDVIRTUAL"
"1862",8,1,3,"S022","INDVIRTUAL"
"1863",9,4,5,"S022","INDVIRTUAL"
"1864",10,6,6,"S022","INDVIRTUAL"
"1865",11,3,5,"S022","INDVIRTUAL"
"1866",12,2,4,"S022","INDVIRTUAL"
"1867",13,5,5,"S022","INDVIRTUAL"
"1868",14,4,5,"S022","INDVIRTUAL"
"1869",15,3,4,"S022","INDVIRTUAL"
"1870",16,1,2,"S022","INDVIRTUAL"
"1871",17,2,4,"S022","INDVIRTUAL"
"1872",18,6,6,"S022","INDVIRTUAL"
"1873",19,2,4,"S022","INDVIRTUAL"
"1874",20,5,5,"S022","INDVIRTUAL"
"1875",21,1,2,"S022","INDVIRTUAL"
"1876",22,3,5,"S022","INDVIRTUAL"
"1877",23,6,6.5,"S022","INDVIRTUAL"
"1878",24,4,6,"S022","INDVIRTUAL"
"1879",1,6,7,"S022","REAL"
"1880",2,5,9,"S022","REAL"
"1881",3,2,4,"S022","REAL"
"1882",4,4,7,"S022","REAL"
"1883",5,3,6,"S022","REAL"
"1884",6,1,2,"S022","REAL"
"1885",7,5,6,"S022","REAL"
"1886",8,3,5,"S022","REAL"
"1887",9,1,1.5,"S022","REAL"
"1888",10,4,6,"S022","REAL"
"1889",11,6,8,"S022","REAL"
"1890",12,2,5,"S022","REAL"
"1891",13,1,3,"S022","REAL"
"1892",14,2,4,"S022","REAL"
"1893",15,6,7,"S022","REAL"
"1894",16,3,6,"S022","REAL"
"1895",17,4,5,"S022","REAL"
"1896",18,5,6,"S022","REAL"
"1897",19,1,2,"S022","REAL"
"1898",20,2,4,"S022","REAL"
"1899",21,5,5.5,"S022","REAL"
"1900",22,3,6,"S022","REAL"
"1901",23,6,8,"S022","REAL"
"1902",24,4,6,"S022","REAL"
"1903",1,6,7,"S022","SIMULADO"
"1904",2,3,3,"S022","SIMULADO"
"1905",3,5,9,"S022","SIMULADO"
"1906",4,1,0.05,"S022","SIMULADO"
"1907",5,2,0.05,"S022","SIMULADO"
"1908",6,4,3,"S022","SIMULADO"
"1909",7,5,6,"S022","SIMULADO"
"1910",8,1,0.01,"S022","SIMULADO"
"1911",9,2,0.01,"S022","SIMULADO"
"1912",10,3,5,"S022","SIMULADO"
"1913",11,4,1.5,"S022","SIMULADO"
"1914",12,6,7,"S022","SIMULADO"
"1915",13,4,2,"S022","SIMULADO"
"1916",14,5,4,"S022","SIMULADO"
"1917",15,2,1,"S022","SIMULADO"
"1918",16,3,3,"S022","SIMULADO"
"1919",17,6,8,"S022","SIMULADO"
"1920",18,1,1,"S022","SIMULADO"
"1921",19,4,2,"S022","SIMULADO"
"1922",20,3,4,"S022","SIMULADO"
"1923",21,1,0.5,"S022","SIMULADO"
"1924",22,5,9,"S022","SIMULADO"
"1925",23,6,4,"S022","SIMULADO"
"1926",24,2,2,"S022","SIMULADO"
"1927",1,5,8,"S022","VIRTUAL"
"1928",2,3,11,"S022","VIRTUAL"
"1929",3,4,10,"S022","VIRTUAL"
"1930",4,6,5,"S022","VIRTUAL"
"1931",5,2,1,"S022","VIRTUAL"
"1932",6,1,0.5,"S022","VIRTUAL"
"1933",7,1,0.2,"S022","VIRTUAL"
"1934",8,3,6,"S022","VIRTUAL"
"1935",9,4,9,"S022","VIRTUAL"
"1936",10,2,3,"S022","VIRTUAL"
"1937",11,6,7,"S022","VIRTUAL"
"1938",12,5,7,"S022","VIRTUAL"
"1939",13,3,6,"S022","VIRTUAL"
"1940",14,1,1.5,"S022","VIRTUAL"
"1941",15,5,8,"S022","VIRTUAL"
"1942",16,4,8,"S022","VIRTUAL"
"1943",17,6,9,"S022","VIRTUAL"
"1944",18,2,4,"S022","VIRTUAL"
"1945",19,2,4,"S022","VIRTUAL"
"1946",20,4,7,"S022","VIRTUAL"
"1947",21,3,8,"S022","VIRTUAL"
"1948",22,5,11,"S022","VIRTUAL"
"1949",23,6,11,"S022","VIRTUAL"
"1950",24,1,0.2,"S022","VIRTUAL"
"1951",1,5,3,"S023","INDVIRTUAL"
"1952",2,3,2.8,"S023","INDVIRTUAL"
"1953",3,4,2.9,"S023","INDVIRTUAL"
"1954",4,6,2.8,"S023","INDVIRTUAL"
"1955",5,2,2.5,"S023","INDVIRTUAL"
"1956",6,1,1,"S023","INDVIRTUAL"
"1957",7,1,0.8,"S023","INDVIRTUAL"
"1958",8,3,2.5,"S023","INDVIRTUAL"
"1959",9,4,2.7,"S023","INDVIRTUAL"
"1960",10,2,1.5,"S023","INDVIRTUAL"
"1961",11,6,2.7,"S023","INDVIRTUAL"
"1962",12,5,2.5,"S023","INDVIRTUAL"
"1963",13,3,2,"S023","INDVIRTUAL"
"1964",14,1,0.7,"S023","INDVIRTUAL"
"1965",15,5,2.8,"S023","INDVIRTUAL"
"1966",16,4,2.5,"S023","INDVIRTUAL"
"1967",17,6,2.8,"S023","INDVIRTUAL"
"1968",18,2,1.5,"S023","INDVIRTUAL"
"1969",19,2,0.8,"S023","INDVIRTUAL"
"1970",20,4,2.5,"S023","INDVIRTUAL"
"1971",21,3,2,"S023","INDVIRTUAL"
"1972",22,5,2.3,"S023","INDVIRTUAL"
"1973",23,6,2,"S023","INDVIRTUAL"
"1974",24,1,0.5,"S023","INDVIRTUAL"
"1975",1,4,2,"S023","REAL"
"1976",2,1,1,"S023","REAL"
"1977",3,5,2.5,"S023","REAL"
"1978",4,3,2,"S023","REAL"
"1979",5,6,1.8,"S023","REAL"
"1980",6,2,1.5,"S023","REAL"
"1981",7,2,1.5,"S023","REAL"
"1982",8,1,0,"S023","REAL"
"1983",9,5,2.5,"S023","REAL"
"1984",10,4,2.5,"S023","REAL"
"1985",11,3,2.3,"S023","REAL"
"1986",12,6,2.7,"S023","REAL"
"1987",13,6,2.7,"S023","REAL"
"1988",14,1,1,"S023","REAL"
"1989",15,4,2,"S023","REAL"
"1990",16,5,1.8,"S023","REAL"
"1991",17,3,2,"S023","REAL"
"1992",18,2,1.5,"S023","REAL"
"1993",19,1,1,"S023","REAL"
"1994",20,5,2,"S023","REAL"
"1995",21,2,2.5,"S023","REAL"
"1996",22,6,3,"S023","REAL"
"1997",23,3,2.8,"S023","REAL"
"1998",24,4,2.5,"S023","REAL"
"1999",1,6,2,"S023","SIMULADO"
"2000",2,3,2.1,"S023","SIMULADO"
"2001",3,5,1.9,"S023","SIMULADO"
"2002",4,1,0.7,"S023","SIMULADO"
"2003",5,2,0.8,"S023","SIMULADO"
"2004",6,4,0.5,"S023","SIMULADO"
"2005",7,5,1.8,"S023","SIMULADO"
"2006",8,1,0.6,"S023","SIMULADO"
"2007",9,2,0.5,"S023","SIMULADO"
"2008",10,3,2.1,"S023","SIMULADO"
"2009",11,4,1,"S023","SIMULADO"
"2010",12,6,2.5,"S023","SIMULADO"
"2011",13,4,0.8,"S023","SIMULADO"
"2012",14,5,1.8,"S023","SIMULADO"
"2013",15,2,0.5,"S023","SIMULADO"
"2014",16,3,2,"S023","SIMULADO"
"2015",17,6,2.5,"S023","SIMULADO"
"2016",18,1,0.3,"S023","SIMULADO"
"2017",19,4,0.8,"S023","SIMULADO"
"2018",20,3,1.5,"S023","SIMULADO"
"2019",21,1,0.4,"S023","SIMULADO"
"2020",22,5,2.5,"S023","SIMULADO"
"2021",23,6,2.8,"S023","SIMULADO"
"2022",24,2,0.7,"S023","SIMULADO"
"2023",1,6,2.5,"S023","VIRTUAL"
"2024",2,5,2,"S023","VIRTUAL"
"2025",3,2,1,"S023","VIRTUAL"
"2026",4,4,1.5,"S023","VIRTUAL"
"2027",5,3,1.8,"S023","VIRTUAL"
"2028",6,1,0.8,"S023","VIRTUAL"
"2029",7,5,1.8,"S023","VIRTUAL"
"2030",8,3,2,"S023","VIRTUAL"
"2031",9,1,1,"S023","VIRTUAL"
"2032",10,4,1.9,"S023","VIRTUAL"
"2033",11,6,2,"S023","VIRTUAL"
"2034",12,2,1.5,"S023","VIRTUAL"
"2035",13,1,0.7,"S023","VIRTUAL"
"2036",14,2,1.5,"S023","VIRTUAL"
"2037",15,6,2.5,"S023","VIRTUAL"
"2038",16,3,2.3,"S023","VIRTUAL"
"2039",17,4,2.5,"S023","VIRTUAL"
"2040",18,5,2.7,"S023","VIRTUAL"
"2041",19,1,1,"S023","VIRTUAL"
"2042",20,2,1.5,"S023","VIRTUAL"
"2043",21,5,2,"S023","VIRTUAL"
"2044",22,3,1.8,"S023","VIRTUAL"
"2045",23,6,2.5,"S023","VIRTUAL"
"2046",24,4,1.8,"S023","VIRTUAL"
"2047",1,1,1,"S024","INDVIRTUAL"
"2048",2,5,5,"S024","INDVIRTUAL"
"2049",3,3,4,"S024","INDVIRTUAL"
"2050",4,6,4,"S024","INDVIRTUAL"
"2051",5,4,4,"S024","INDVIRTUAL"
"2052",6,2,2,"S024","INDVIRTUAL"
"2053",7,6,4,"S024","INDVIRTUAL"
"2054",8,4,4,"S024","INDVIRTUAL"
"2055",9,2,2,"S024","INDVIRTUAL"
"2056",10,1,1,"S024","INDVIRTUAL"
"2057",11,5,4,"S024","INDVIRTUAL"
"2058",12,3,3,"S024","INDVIRTUAL"
"2059",13,4,4,"S024","INDVIRTUAL"
"2060",14,1,1,"S024","INDVIRTUAL"
"2061",15,5,4,"S024","INDVIRTUAL"
"2062",16,6,5,"S024","INDVIRTUAL"
"2063",17,3,3,"S024","INDVIRTUAL"
"2064",18,2,2,"S024","INDVIRTUAL"
"2065",19,5,4,"S024","INDVIRTUAL"
"2066",20,2,2,"S024","INDVIRTUAL"
"2067",21,6,5,"S024","INDVIRTUAL"
"2068",22,3,3,"S024","INDVIRTUAL"
"2069",23,1,1,"S024","INDVIRTUAL"
"2070",24,4,4,"S024","INDVIRTUAL"
"2071",1,6,4,"S024","REAL"
"2072",2,3,3,"S024","REAL"
"2073",3,5,4,"S024","REAL"
"2074",4,1,1,"S024","REAL"
"2075",5,2,2,"S024","REAL"
"2076",6,4,4,"S024","REAL"
"2077",7,5,4,"S024","REAL"
"2078",8,1,1,"S024","REAL"
"2079",9,2,2,"S024","REAL"
"2080",10,3,4,"S024","REAL"
"2081",11,4,5,"S024","REAL"
"2082",12,6,5,"S024","REAL"
"2083",13,4,4,"S024","REAL"
"2084",14,5,4,"S024","REAL"
"2085",15,2,2,"S024","REAL"
"2086",16,3,4,"S024","REAL"
"2087",17,6,5,"S024","REAL"
"2088",18,1,1,"S024","REAL"
"2089",19,4,4,"S024","REAL"
"2090",20,3,4,"S024","REAL"
"2091",21,1,1,"S024","REAL"
"2092",22,5,4,"S024","REAL"
"2093",23,6,5,"S024","REAL"
"2094",24,2,2,"S024","REAL"
"2095",1,3,1,"S024","SIMULADO"
"2096",2,4,0.5,"S024","SIMULADO"
"2097",3,1,0.5,"S024","SIMULADO"
"2098",4,6,3,"S024","SIMULADO"
"2099",5,2,0.5,"S024","SIMULADO"
"2100",6,5,2,"S024","SIMULADO"
"2101",7,6,3,"S024","SIMULADO"
"2102",8,3,1,"S024","SIMULADO"
"2103",9,1,0.5,"S024","SIMULADO"
"2104",10,4,1,"S024","SIMULADO"
"2105",11,5,2,"S024","SIMULADO"
"2106",12,2,0.5,"S024","SIMULADO"
"2107",13,4,1,"S024","SIMULADO"
"2108",14,3,1,"S024","SIMULADO"
"2109",15,5,2,"S024","SIMULADO"
"2110",16,1,0.5,"S024","SIMULADO"
"2111",17,2,1,"S024","SIMULADO"
"2112",18,6,3,"S024","SIMULADO"
"2113",19,2,0.5,"S024","SIMULADO"
"2114",20,5,2,"S024","SIMULADO"
"2115",21,4,1,"S024","SIMULADO"
"2116",22,6,3,"S024","SIMULADO"
"2117",23,1,0.5,"S024","SIMULADO"
"2118",24,3,2,"S024","SIMULADO"
"2119",1,4,4,"S024","VIRTUAL"
"2120",2,2,3,"S024","VIRTUAL"
"2121",3,1,1,"S024","VIRTUAL"
"2122",4,3,4,"S024","VIRTUAL"
"2123",5,6,5,"S024","VIRTUAL"
"2124",6,5,4,"S024","VIRTUAL"
"2125",7,5,4,"S024","VIRTUAL"
"2126",8,1,1,"S024","VIRTUAL"
"2127",9,4,5,"S024","VIRTUAL"
"2128",10,6,5,"S024","VIRTUAL"
"2129",11,3,4,"S024","VIRTUAL"
"2130",12,2,2,"S024","VIRTUAL"
"2131",13,5,4,"S024","VIRTUAL"
"2132",14,4,5,"S024","VIRTUAL"
"2133",15,3,3,"S024","VIRTUAL"
"2134",16,1,1,"S024","VIRTUAL"
"2135",17,2,2,"S024","VIRTUAL"
"2136",18,6,4,"S024","VIRTUAL"
"2137",19,2,3,"S024","VIRTUAL"
"2138",20,5,4,"S024","VIRTUAL"
"2139",21,1,1,"S024","VIRTUAL"
"2140",22,3,4,"S024","VIRTUAL"
"2141",23,6,5,"S024","VIRTUAL"
"2142",24,4,4,"S024","VIRTUAL"
