"subject","trial","target_distance","perc_distance","condition"
1,1,5,4,"CE"
1,2,3,3,"CE"
1,3,6,4,"CE"
1,4,1,2,"CE"
1,5,2,4,"CE"
1,6,4,5,"CE"
1,7,3,4,"CE"
1,8,6,5,"CE"
1,9,5,4,"CE"
1,10,1,1,"CE"
1,11,2,3,"CE"
1,12,4,4,"CE"
1,13,4,3,"CE"
1,14,2,2,"CE"
1,15,6,5,"CE"
1,16,5,4,"CE"
1,17,3,3,"CE"
1,18,1,1,"CE"
1,19,2,3,"CE"
1,20,6,5,"CE"
1,21,4,4,"CE"
1,22,1,2,"CE"
1,23,3,4,"CE"
1,24,5,4,"CE"
1,25,4,4,"CE"
1,26,3,3,"CE"
1,27,1,1,"CE"
1,28,6,5,"CE"
1,29,5,5,"CE"
1,30,2,3,"CE"
2,1,1,1,"CE"
2,2,3,15,"CE"
2,3,4,20,"CE"
2,4,5,25,"CE"
2,5,2,20,"CE"
2,6,6,30,"CE"
2,7,4,35,"CE"
2,8,3,25,"CE"
2,9,1,10,"CE"
2,10,6,40,"CE"
2,11,5,35,"CE"
2,12,2,15,"CE"
2,13,1,10,"CE"
2,14,4,30,"CE"
2,15,6,35,"CE"
2,16,3,30,"CE"
2,17,5,40,"CE"
2,18,2,30,"CE"
2,19,4,45,"CE"
2,20,1,10,"CE"
2,21,5,45,"CE"
2,22,6,30,"CE"
2,23,3,20,"CE"
2,24,2,20,"CE"
2,25,3,30,"CE"
2,26,5,35,"CE"
2,27,4,40,"CE"
2,28,2,15,"CE"
2,29,6,5,"CE"
2,30,1,10,"CE"
3,1,2,1.75,"CE"
3,2,1,1,"CE"
3,3,6,2.5,"CE"
3,4,3,2,"CE"
3,5,5,3,"CE"
3,6,4,3.5,"CE"
3,7,4,3.5,"CE"
3,8,3,3.5,"CE"
3,9,6,2,"CE"
3,10,2,1.75,"CE"
3,11,1,1.5,"CE"
3,12,5,2,"CE"
3,13,5,2.1,"CE"
3,14,2,2,"CE"
3,15,3,2,"CE"
3,16,4,2.5,"CE"
3,17,1,1.5,"CE"
3,18,6,2.7,"CE"
3,19,1,1.5,"CE"
3,20,6,3,"CE"
3,21,4,3.25,"CE"
3,22,5,2.5,"CE"
3,23,3,2.75,"CE"
3,24,2,2,"CE"
3,25,6,3,"CE"
3,26,2,2,"CE"
3,27,5,2.25,"CE"
3,28,1,1.75,"CE"
3,29,4,2,"CE"
3,30,3,2.25,"CE"
4,1,3,4,"CE"
4,2,1,2,"CE"
4,3,5,6,"CE"
4,4,2,3,"CE"
4,5,4,9,"CE"
4,6,6,10,"CE"
4,7,2,4,"CE"
4,8,4,6,"CE"
4,9,5,7,"CE"
4,10,3,5,"CE"
4,11,6,10,"CE"
4,12,1,1,"CE"
4,13,2,4,"CE"
4,14,5,8,"CE"
4,15,1,1,"CE"
4,16,3,6,"CE"
4,17,4,8,"CE"
4,18,6,10,"CE"
4,19,4,6,"CE"
4,20,2,4,"CE"
4,21,3,4,"CE"
4,22,5,6,"CE"
4,23,6,10,"CE"
4,24,1,1,"CE"
4,25,4,6,"CE"
4,26,2,3,"CE"
4,27,3,6,"CE"
4,28,5,8,"CE"
4,29,6,6,"CE"
4,30,1,1,"CE"
5,1,6,2,"CE"
5,2,4,2,"CE"
5,3,1,1,"CE"
5,4,2,2,"CE"
5,5,3,3,"CE"
5,6,5,3,"CE"
5,7,1,2,"CE"
5,8,2,2,"CE"
5,9,4,2,"CE"
5,10,3,2,"CE"
5,11,6,3,"CE"
5,12,5,3,"CE"
5,13,6,2,"CE"
5,14,5,2,"CE"
5,15,3,3,"CE"
5,16,1,1,"CE"
5,17,2,2,"CE"
5,18,4,3,"CE"
5,19,3,2,"CE"
5,20,6,3,"CE"
5,21,1,1,"CE"
5,22,5,3,"CE"
5,23,4,2,"CE"
5,24,2,3,"CE"
5,25,3,3,"CE"
5,26,2,2,"CE"
5,27,1,1,"CE"
5,28,4,2,"CE"
5,29,5,3,"CE"
5,30,6,3,"CE"
6,1,5,1,"CE"
6,2,2,0.5,"CE"
6,3,4,1,"CE"
6,4,1,0.5,"CE"
6,5,3,2,"CE"
6,6,6,2,"CE"
6,7,2,1,"CE"
6,8,1,0.5,"CE"
6,9,6,2,"CE"
6,10,5,2,"CE"
6,11,3,2,"CE"
6,12,4,2,"CE"
6,13,3,2.5,"CE"
6,14,5,2,"CE"
6,15,6,2,"CE"
6,16,4,2,"CE"
6,17,2,1,"CE"
6,18,1,0.5,"CE"
6,19,2,0.5,"CE"
6,20,5,1,"CE"
6,21,1,0.5,"CE"
6,22,3,1,"CE"
6,23,6,2,"CE"
6,24,4,2,"CE"
6,25,6,2,"CE"
6,26,4,1,"CE"
6,27,3,1,"CE"
6,28,2,1,"CE"
6,29,5,1,"CE"
6,30,1,0.5,"CE"
7,1,6,10,"CE"
7,2,5,11,"CE"
7,3,2,6,"CE"
7,4,1,3,"CE"
7,5,3,6,"CE"
7,6,4,10,"CE"
7,7,3,10,"CE"
7,8,1,2,"CE"
7,9,5,12,"CE"
7,10,4,12,"CE"
7,11,2,10,"CE"
7,12,6,14,"CE"
7,13,3,12,"CE"
7,14,1,1,"CE"
7,15,5,6,"CE"
7,16,2,5,"CE"
7,17,6,8,"CE"
7,18,4,8,"CE"
7,19,1,1,"CE"
7,20,6,9,"CE"
7,21,2,4,"CE"
7,22,3,5,"CE"
7,23,5,6,"CE"
7,24,4,7,"CE"
7,25,1,1,"CE"
7,26,5,7,"CE"
7,27,6,8,"CE"
7,28,4,8,"CE"
7,29,3,7,"CE"
7,30,2,5,"CE"
8,1,1,3,"CE"
8,2,2,4,"CE"
8,3,5,6,"CE"
8,4,4,7,"CE"
8,5,6,7,"CE"
8,6,3,5,"CE"
8,7,2,3,"CE"
8,8,5,5,"CE"
8,9,4,6,"CE"
8,10,6,7,"CE"
8,11,1,1,"CE"
8,12,3,4,"CE"
8,13,1,0.5,"CE"
8,14,4,6,"CE"
8,15,2,3,"CE"
8,16,5,6,"CE"
8,17,3,5,"CE"
8,18,6,7,"CE"
8,19,5,6,"CE"
8,20,2,4,"CE"
8,21,4,5,"CE"
8,22,6,6,"CE"
8,23,1,1,"CE"
8,24,3,5,"CE"
8,25,1,2,"CE"
8,26,5,7,"CE"
8,27,4,6,"CE"
8,28,6,8,"CE"
8,29,2,5,"CE"
8,30,3,6,"CE"
9,1,6,6,"CE"
9,2,5,6,"CE"
9,3,4,7,"CE"
9,4,2,4,"CE"
9,5,3,6,"CE"
9,6,1,2,"CE"
9,7,4,8,"CE"
9,8,2,3,"CE"
9,9,3,4,"CE"
9,10,6,8,"CE"
9,11,1,0,"CE"
9,12,5,6,"CE"
9,13,3,6,"CE"
9,14,1,0,"CE"
9,15,2,7,"CE"
9,16,5,9,"CE"
9,17,4,10,"CE"
9,18,6,11,"CE"
9,19,5,9,"CE"
9,20,4,10,"CE"
9,21,3,7,"CE"
9,22,1,0,"CE"
9,23,2,4,"CE"
9,24,6,10,"CE"
9,25,4,7,"CE"
9,26,2,3,"CE"
9,27,3,10,"CE"
9,28,5,11,"CE"
9,29,6,12,"CE"
9,30,1,0,"CE"
10,1,2,2,"CE"
10,2,1,1,"CE"
10,3,6,5,"CE"
10,4,5,4,"CE"
10,5,4,4,"CE"
10,6,3,3,"CE"
10,7,6,4.5,"CE"
10,8,4,3,"CE"
10,9,2,2,"CE"
10,10,5,3,"CE"
10,11,1,0.5,"CE"
10,12,3,2,"CE"
10,13,1,0.5,"CE"
10,14,5,3,"CE"
10,15,6,5,"CE"
10,16,2,2,"CE"
10,17,3,4,"CE"
10,18,4,3,"CE"
10,19,6,5,"CE"
10,20,4,4,"CE"
10,21,1,0.5,"CE"
10,22,5,6,"CE"
10,23,3,4,"CE"
10,24,2,3,"CE"
10,25,4,5,"CE"
10,26,5,4,"CE"
10,27,3,3,"CE"
10,28,2,2,"CE"
10,29,1,1,"CE"
10,30,6,10,"CE"
11,1,1,3,"CE"
11,2,5,6,"CE"
11,3,4,5,"CE"
11,4,2,2,"CE"
11,5,6,4,"CE"
11,6,3,3,"CE"
11,7,3,5,"CE"
11,8,4,6,"CE"
11,9,5,8,"CE"
11,10,6,9,"CE"
11,11,1,3,"CE"
11,12,2,5,"CE"
11,13,3,6,"CE"
11,14,6,7,"CE"
11,15,2,6,"CE"
11,16,1,1,"CE"
11,17,5,4,"CE"
11,18,4,5,"CE"
11,19,2,1,"CE"
11,20,5,3,"CE"
11,21,3,5,"CE"
11,22,1,1,"CE"
11,23,6,5,"CE"
11,24,4,7,"CE"
11,25,4,10,"CE"
11,26,6,10,"CE"
11,27,3,6,"CE"
11,28,1,2,"CE"
11,29,5,4,"CE"
11,30,2,3,"CE"
12,1,4,3,"CE"
12,2,2,1.5,"CE"
12,3,5,4,"CE"
12,4,1,1,"CE"
12,5,3,3.5,"CE"
12,6,6,5,"CE"
12,7,4,6,"CE"
12,8,5,6.5,"CE"
12,9,6,6.5,"CE"
12,10,3,5,"CE"
12,11,1,1,"CE"
12,12,2,3,"CE"
12,13,4,4,"CE"
12,14,3,4.5,"CE"
12,15,1,0.5,"CE"
12,16,6,6,"CE"
12,17,2,6,"CE"
12,18,5,7,"CE"
12,19,1,1,"CE"
12,20,4,4,"CE"
12,21,2,5,"CE"
12,22,6,6,"CE"
12,23,5,6,"CE"
12,24,3,5.5,"CE"
12,25,1,1,"CE"
12,26,6,4.5,"CE"
12,27,5,4.5,"CE"
12,28,4,5,"CE"
12,29,3,5,"CE"
12,30,2,3,"CE"
13,1,4,3,"CE"
13,2,3,3.5,"CE"
13,3,1,1.5,"CE"
13,4,6,4,"CE"
13,5,5,4,"CE"
13,6,2,3,"CE"
13,7,1,2,"CE"
13,8,2,3,"CE"
13,9,6,4.5,"CE"
13,10,5,4.5,"CE"
13,11,4,4.5,"CE"
13,12,3,4,"CE"
13,13,6,5,"CE"
13,14,3,3.5,"CE"
13,15,1,2,"CE"
13,16,2,3,"CE"
13,17,5,5,"CE"
13,18,4,4.5,"CE"
13,19,3,3.5,"CE"
13,20,5,4,"CE"
13,21,6,5,"CE"
13,22,2,2.5,"CE"
13,23,1,1,"CE"
13,24,4,3,"CE"
13,25,4,4.5,"CE"
13,26,3,4,"CE"
13,27,6,4.5,"CE"
13,28,1,2.5,"CE"
13,29,2,3.5,"CE"
13,30,5,5,"CE"
14,1,2,2,"CE"
14,2,6,4,"CE"
14,3,4,3,"CE"
14,4,5,3.4,"CE"
14,5,3,205,"CE"
14,6,1,1.5,"CE"
14,7,2,4,"CE"
14,8,3,6,"CE"
14,9,4,5.5,"CE"
14,10,1,2,"CE"
14,11,6,8,"CE"
14,12,5,8,"CE"
14,13,1,3,"CE"
14,14,6,9,"CE"
14,15,4,7,"CE"
14,16,5,6,"CE"
14,17,2,4,"CE"
14,18,3,3.5,"CE"
14,19,1,2,"CE"
14,20,6,10,"CE"
14,21,2,8,"CE"
14,22,5,12,"CE"
14,23,4,9,"CE"
14,24,3,6,"CE"
14,25,5,7,"CE"
14,26,3,4,"CE"
14,27,1,2,"CE"
14,28,2,4,"CE"
14,29,4,7,"CE"
14,30,6,9,"CE"
15,1,4,6,"CE"
15,2,3,6,"CE"
15,3,2,4,"CE"
15,4,5,7,"CE"
15,5,1,1,"CE"
15,6,6,9,"CE"
15,7,4,9,"CE"
15,8,1,2,"CE"
15,9,2,5,"CE"
15,10,3,8,"CE"
15,11,6,10,"CE"
15,12,5,10,"CE"
15,13,2,5,"CE"
15,14,5,9,"CE"
15,15,1,2,"CE"
15,16,6,9,"CE"
15,17,4,7,"CE"
15,18,3,6,"CE"
15,19,2,5,"CE"
15,20,4,7,"CE"
15,21,1,2,"CE"
15,22,3,5,"CE"
15,23,6,9,"CE"
15,24,5,6,"CE"
15,25,2,3,"CE"
15,26,3,7,"CE"
15,27,1,3,"CE"
15,28,4,9,"CE"
15,29,6,10,"CE"
15,30,5,7,"CE"
16,1,6,5,"CE"
16,2,1,2,"CE"
16,3,5,4,"CE"
16,4,4,4,"CE"
16,5,2,3,"CE"
16,6,3,4,"CE"
16,7,4,5,"CE"
16,8,5,6,"CE"
16,9,6,7,"CE"
16,10,1,1,"CE"
16,11,3,3,"CE"
16,12,2,4,"CE"
16,13,6,7,"CE"
16,14,3,3,"CE"
16,15,4,4,"CE"
16,16,2,2,"CE"
16,17,1,1,"CE"
16,18,5,4,"CE"
16,19,2,3,"CE"
16,20,5,5,"CE"
16,21,6,7,"CE"
16,22,4,5,"CE"
16,23,3,4,"CE"
16,24,1,2,"CE"
16,25,2,3,"CE"
16,26,3,4,"CE"
16,27,5,5,"CE"
16,28,6,6,"CE"
16,29,4,5,"CE"
16,30,1,1,"CE"
17,1,1,1,"CE"
17,2,3,2,"CE"
17,3,4,3,"CE"
17,4,6,4,"CE"
17,5,2,4,"CE"
17,6,5,4,"CE"
17,7,3,3,"CE"
17,8,1,3,"CE"
17,9,2,3,"CE"
17,10,4,2,"CE"
17,11,6,3,"CE"
17,12,5,2,"CE"
17,13,4,3,"CE"
17,14,1,1,"CE"
17,15,5,4,"CE"
17,16,2,4,"CE"
17,17,6,5,"CE"
17,18,3,3,"CE"
17,19,6,4,"CE"
17,20,5,3,"CE"
17,21,4,3,"CE"
17,22,2,3,"CE"
17,23,1,1,"CE"
17,24,3,2,"CE"
17,25,3,1,"CE"
17,26,6,5,"CE"
17,27,2,4,"CE"
17,28,1,2,"CE"
17,29,5,3,"CE"
17,30,4,2,"CE"
18,1,5,8,"CE"
18,2,4,8,"CE"
18,3,3,7,"CE"
18,4,1,3,"CE"
18,5,6,10,"CE"
18,6,2,4,"CE"
18,7,4,8,"CE"
18,8,6,7,"CE"
18,9,3,6,"CE"
18,10,5,7,"CE"
18,11,2,5,"CE"
18,12,1,2,"CE"
18,13,1,2,"CE"
18,14,3,4,"CE"
18,15,5,7,"CE"
18,16,4,8,"CE"
18,17,6,9,"CE"
18,18,2,4,"CE"
18,19,2,3,"CE"
18,20,4,5,"CE"
18,21,6,7,"CE"
18,22,1,2,"CE"
18,23,5,8,"CE"
18,24,3,7,"CE"
18,25,1,2,"CE"
18,26,2,3,"CE"
18,27,5,9,"CE"
18,28,6,10,"CE"
18,29,4,9,"CE"
18,30,3,7,"CE"
19,1,6,4,"CE"
19,2,2,1.2,"CE"
19,3,3,1.3,"CE"
19,4,1,0.8,"CE"
19,5,5,4.5,"CE"
19,6,4,3.5,"CE"
19,7,2,2,"CE"
19,8,3,2,"CE"
19,9,4,2.5,"CE"
19,10,6,2.3,"CE"
19,11,1,7,"CE"
19,12,5,3,"CE"
19,13,3,2,"CE"
19,14,2,1.3,"CE"
19,15,6,3,"CE"
19,16,1,0.5,"CE"
19,17,5,4,"CE"
19,18,4,4.5,"CE"
19,19,2,2.5,"CE"
19,20,5,4,"CE"
19,21,4,3.8,"CE"
19,22,6,5,"CE"
19,23,1,0.4,"CE"
19,24,3,4,"CE"
19,25,2,3,"CE"
19,26,4,4,"CE"
19,27,6,4.5,"CE"
19,28,3,3.2,"CE"
19,29,5,3,"CE"
19,30,1,0.5,"CE"
20,1,6,5,"CE"
20,2,3,3,"CE"
20,3,2,2.5,"CE"
20,4,5,6,"CE"
20,5,4,7,"CE"
20,6,1,0.5,"CE"
20,7,5,4,"CE"
20,8,6,6,"CE"
20,9,3,3,"CE"
20,10,1,0.5,"CE"
20,11,4,4,"CE"
20,12,2,2,"CE"
20,13,4,6,"CE"
20,14,5,6.5,"CE"
20,15,2,2,"CE"
20,16,1,0.5,"CE"
20,17,3,5,"CE"
20,18,6,8,"CE"
20,19,5,6,"CE"
20,20,4,6.5,"CE"
20,21,6,7,"CE"
20,22,1,0.5,"CE"
20,23,2,2,"CE"
20,24,3,4,"CE"
20,25,1,0.3,"CE"
20,26,6,7,"CE"
20,27,3,4,"CE"
20,28,4,8,"CE"
20,29,2,1.5,"CE"
20,30,5,5,"CE"
21,1,4,1,"CE"
21,2,3,1,"CE"
21,3,5,1,"CE"
21,4,2,1,"CE"
21,5,6,1,"CE"
21,6,1,0,"CE"
21,7,6,1,"CE"
21,8,5,1,"CE"
21,9,3,1,"CE"
21,10,2,1,"CE"
21,11,4,1,"CE"
21,12,1,0,"CE"
21,13,3,1,"CE"
21,14,4,1,"CE"
21,15,6,1,"CE"
21,16,5,1,"CE"
21,17,2,0,"CE"
21,18,1,0,"CE"
21,19,4,1,"CE"
21,20,2,1,"CE"
21,21,1,0,"CE"
21,22,5,2,"CE"
21,23,6,2,"CE"
21,24,3,1,"CE"
21,25,1,0,"CE"
21,26,2,1,"CE"
21,27,3,1,"CE"
21,28,5,1,"CE"
21,29,6,2,"CE"
21,30,4,2,"CE"
22,1,5,4,"CE"
22,2,6,5,"CE"
22,3,2,3,"CE"
22,4,3,4,"CE"
22,5,1,2,"CE"
22,6,4,4,"CE"
22,7,2,3,"CE"
22,8,4,5,"CE"
22,9,5,4,"CE"
22,10,6,6,"CE"
22,11,1,2,"CE"
22,12,3,4,"CE"
22,13,1,2,"CE"
22,14,2,4,"CE"
22,15,3,6,"CE"
22,16,6,7,"CE"
22,17,5,6,"CE"
22,18,4,4,"CE"
22,19,3,3,"CE"
22,20,6,5,"CE"
22,21,4,4,"CE"
22,22,2,3,"CE"
22,23,1,2,"CE"
22,24,5,5,"CE"
22,25,1,2,"CE"
22,26,3,4,"CE"
22,27,2,4,"CE"
22,28,4,5,"CE"
22,29,5,4,"CE"
22,30,6,6,"CE"
23,1,5,2,"CE"
23,2,3,2,"CE"
23,3,6,3,"CE"
23,4,4,3,"CE"
23,5,1,1,"CE"
23,6,2,2,"CE"
23,7,6,3,"CE"
23,8,1,1,"CE"
23,9,3,3,"CE"
23,10,4,2,"CE"
23,11,2,2,"CE"
23,12,5,3,"CE"
23,13,4,3,"CE"
23,14,2,1,"CE"
23,15,1,1,"CE"
23,16,6,4,"CE"
23,17,3,3,"CE"
23,18,5,2,"CE"
23,19,2,1,"CE"
23,20,3,1,"CE"
23,21,6,3,"CE"
23,22,1,1,"CE"
23,23,4,3,"CE"
23,24,5,4,"CE"
23,25,2,2,"CE"
23,26,6,3,"CE"
23,27,5,2,"CE"
23,28,3,2,"CE"
23,29,1,1,"CE"
23,30,4,3,"CE"
24,1,6,2,"CE"
24,2,1,1,"CE"
24,3,5,2,"CE"
24,4,2,1.5,"CE"
24,5,3,2,"CE"
24,6,4,3,"CE"
24,7,2,1.5,"CE"
24,8,6,2,"CE"
24,9,4,2,"CE"
24,10,5,2,"CE"
24,11,3,1,"CE"
24,12,1,0.5,"CE"
24,13,5,3,"CE"
24,14,1,1,"CE"
24,15,6,3,"CE"
24,16,4,2,"CE"
24,17,2,2,"CE"
24,18,3,3,"CE"
24,19,3,2,"CE"
24,20,1,1,"CE"
24,21,6,3,"CE"
24,22,5,2,"CE"
24,23,2,2,"CE"
24,24,4,3,"CE"
24,25,1,1,"CE"
24,26,2,3,"CE"
24,27,6,3,"CE"
24,28,5,2,"CE"
24,29,3,2,"CE"
24,30,4,2,"CE"
25,1,3,3,"CE"
25,2,1,1,"CE"
25,3,2,2,"CE"
25,4,6,4,"CE"
25,5,5,5,"CE"
25,6,4,6,"CE"
25,7,6,10,"CE"
25,8,1,2,"CE"
25,9,2,3,"CE"
25,10,4,5,"CE"
25,11,3,6,"CE"
25,12,5,10,"CE"
25,13,3,15,"CE"
25,14,5,10,"CE"
25,15,4,12,"CE"
25,16,2,5,"CE"
25,17,1,2,"CE"
25,18,6,15,"CE"
25,19,6,20,"CE"
25,20,2,5,"CE"
25,21,3,10,"CE"
25,22,5,15,"CE"
25,23,4,15,"CE"
25,24,1,5,"CE"
25,25,1,2,"CE"
25,26,5,10,"CE"
25,27,2,15,"CE"
25,28,3,12,"CE"
25,29,6,15,"CE"
25,30,4,15,"CE"
26,1,2,5,"CE"
26,2,6,8,"CE"
26,3,4,7,"CE"
26,4,5,8,"CE"
26,5,1,1,"CE"
26,6,3,4,"CE"
26,7,1,1,"CE"
26,8,3,3,"CE"
26,9,2,2.5,"CE"
26,10,6,10,"CE"
26,11,5,8,"CE"
26,12,4,7,"CE"
26,13,6,9,"CE"
26,14,3,6,"CE"
26,15,4,5,"CE"
26,16,2,3,"CE"
26,17,1,1,"CE"
26,18,5,4,"CE"
26,19,1,1,"CE"
26,20,5,7,"CE"
26,21,3,5,"CE"
26,22,4,5,"CE"
26,23,6,7,"CE"
26,24,2,3,"CE"
26,25,3,4,"CE"
26,26,1,1,"CE"
26,27,6,12,"CE"
26,28,2,4,"CE"
26,29,5,4,"CE"
26,30,4,5,"CE"
27,1,5,3,"CE"
27,2,1,1,"CE"
27,3,6,6,"CE"
27,4,4,4,"CE"
27,5,3,3,"CE"
27,6,2,1.5,"CE"
27,7,4,3,"CE"
27,8,1,1,"CE"
27,9,6,4,"CE"
27,10,5,3,"CE"
27,11,2,2,"CE"
27,12,3,3,"CE"
27,13,3,5,"CE"
27,14,1,1,"CE"
27,15,6,7,"CE"
27,16,4,6,"CE"
27,17,2,3,"CE"
27,18,5,4.5,"CE"
27,19,4,4.5,"CE"
27,20,3,3,"CE"
27,21,2,2,"CE"
27,22,5,5,"CE"
27,23,6,7,"CE"
27,24,1,2,"CE"
27,25,6,6,"CE"
27,26,1,1,"CE"
27,27,5,5,"CE"
27,28,3,4,"CE"
27,29,2,3,"CE"
27,30,4,7,"CE"
28,1,2,2,"CE"
28,2,4,4,"CE"
28,3,6,4,"CE"
28,4,3,3,"CE"
28,5,1,1,"CE"
28,6,5,3,"CE"
28,7,4,5,"CE"
28,8,3,4,"CE"
28,9,1,1,"CE"
28,10,2,2,"CE"
28,11,5,6,"CE"
28,12,6,7,"CE"
28,13,4,5,"CE"
28,14,1,1,"CE"
28,15,3,3,"CE"
28,16,5,5,"CE"
28,17,6,4,"CE"
28,18,2,3,"CE"
28,19,2,2,"CE"
28,20,3,4,"CE"
28,21,5,5,"CE"
28,22,1,1,"CE"
28,23,4,7,"CE"
28,24,6,8,"CE"
28,25,3,6,"CE"
28,26,5,5,"CE"
28,27,1,1,"CE"
28,28,4,4,"CE"
28,29,6,7,"CE"
28,30,2,4,"CE"
29,1,6,7,"CE"
29,2,4,6,"CE"
29,3,2,3,"CE"
29,4,5,6,"CE"
29,5,3,4,"CE"
29,6,1,2,"CE"
29,7,5,7,"CE"
29,8,1,2,"CE"
29,9,4,6,"CE"
29,10,3,6,"CE"
29,11,6,8,"CE"
29,12,2,6,"CE"
29,13,5,7,"CE"
29,14,4,7,"CE"
29,15,1,3,"CE"
29,16,6,8,"CE"
29,17,3,5,"CE"
29,18,2,4,"CE"
29,19,4,6,"CE"
29,20,2,6,"CE"
29,21,1,2,"CE"
29,22,3,5,"CE"
29,23,6,7,"CE"
29,24,5,6,"CE"
29,25,3,6,"CE"
29,26,5,7,"CE"
29,27,4,7,"CE"
29,28,1,1,"CE"
29,29,6,5,"CE"
29,30,2,4,"CE"
30,1,3,5,"CE"
30,2,4,5,"CE"
30,3,1,3,"CE"
30,4,2,5,"CE"
30,5,6,6,"CE"
30,6,5,5,"CE"
30,7,1,2,"CE"
30,8,2,4,"CE"
30,9,4,6,"CE"
30,10,6,7,"CE"
30,11,5,5,"CE"
30,12,3,4,"CE"
30,13,3,4,"CE"
30,14,2,3,"CE"
30,15,1,2,"CE"
30,16,5,6,"CE"
30,17,4,5,"CE"
30,18,6,6,"CE"
30,19,5,5,"CE"
30,20,4,4,"CE"
30,21,1,2,"CE"
30,22,6,7,"CE"
30,23,2,3,"CE"
30,24,3,4,"CE"
30,25,1,2,"CE"
30,26,3,4,"CE"
30,27,2,3,"CE"
30,28,4,6,"CE"
30,29,6,5,"CE"
30,30,5,4,"CE"
31,1,1,1,"UE"
31,2,4,4,"UE"
31,3,3,5.53,"UE"
31,4,2,2,"UE"
31,5,5,3,"UE"
31,6,6,4,"UE"
31,7,2,2,"UE"
31,8,6,5,"UE"
31,9,4,4,"UE"
31,10,3,4,"UE"
31,11,5,4,"UE"
31,12,1,6,"UE"
31,13,1,1,"UE"
31,14,5,6,"UE"
31,15,2,2,"UE"
31,16,3,3,"UE"
31,17,6,5,"UE"
31,18,4,4,"UE"
31,19,4,3,"UE"
31,20,1,1,"UE"
31,21,2,2,"UE"
31,22,6,7,"UE"
31,23,3,10.53,"UE"
31,24,5,5,"UE"
31,25,2,2,"UE"
31,26,1,1,"UE"
31,27,5,1,"UE"
31,28,6,3,"UE"
31,29,4,1,"UE"
31,30,3,1,"UE"
32,1,2,4,"UE"
32,2,1,2,"UE"
32,3,3,5,"UE"
32,4,6,6,"UE"
32,5,5,6,"UE"
32,6,4,5,"UE"
32,7,5,4,"UE"
32,8,3,3,"UE"
32,9,4,4,"UE"
32,10,6,6,"UE"
32,11,1,2,"UE"
32,12,2,5,"UE"
32,13,2,5,"UE"
32,14,1,2,"UE"
32,15,5,5,"UE"
32,16,6,6,"UE"
32,17,4,6,"UE"
32,18,3,6,"UE"
32,19,1,2,"UE"
32,20,5,5,"UE"
32,21,2,5,"UE"
32,22,3,6,"UE"
32,23,6,7,"UE"
32,24,4,6,"UE"
32,25,2,4,"UE"
32,26,5,5,"UE"
32,27,1,3,"UE"
32,28,4,6,"UE"
32,29,6,7,"UE"
32,30,3,5,"UE"
33,1,3,5,"UE"
33,2,4,6,"UE"
33,3,2,5,"UE"
33,4,5,6,"UE"
33,5,1,3,"UE"
33,6,6,6,"UE"
33,7,2,5,"UE"
33,8,3,6,"UE"
33,9,1,3,"UE"
33,10,6,7,"UE"
33,11,4,75,"UE"
33,12,5,75,"UE"
33,13,1,2,"UE"
33,14,3,6,"UE"
33,15,5,7,"UE"
33,16,4,75,"UE"
33,17,6,8,"UE"
33,18,2,5,"UE"
33,19,2,5,"UE"
33,20,1,3,"UE"
33,21,5,6,"UE"
33,22,4,65,"UE"
33,23,6,7,"UE"
33,24,3,6,"UE"
33,25,1,3,"UE"
33,26,4,6,"UE"
33,27,3,7,"UE"
33,28,2,6,"UE"
33,29,6,7,"UE"
33,30,5,75,"UE"
34,1,3,1,"UE"
34,2,4,1,"UE"
34,3,6,1.5,"UE"
34,4,1,0.5,"UE"
34,5,2,1,"UE"
34,6,5,2,"UE"
34,7,6,1.5,"UE"
34,8,2,1,"UE"
34,9,3,1.5,"UE"
34,10,4,1.5,"UE"
34,11,5,2,"UE"
34,12,1,0.5,"UE"
34,13,1,0.2,"UE"
34,14,4,1,"UE"
34,15,6,3,"UE"
34,16,3,2,"UE"
34,17,5,3,"UE"
34,18,2,2,"UE"
34,19,5,2,"UE"
34,20,1,1,"UE"
34,21,3,1.5,"UE"
34,22,4,3,"UE"
34,23,2,2,"UE"
34,24,6,3.5,"UE"
34,25,1,0.5,"UE"
34,26,4,3,"UE"
34,27,2,2,"UE"
34,28,6,4,"UE"
34,29,5,4,"UE"
34,30,3,3,"UE"
35,1,1,1.5,"UE"
35,2,3,1,"UE"
35,3,4,1,"UE"
35,4,5,0.8,"UE"
35,5,6,1,"UE"
35,6,2,1,"UE"
35,7,2,1,"UE"
35,8,4,0.8,"UE"
35,9,1,0.5,"UE"
35,10,3,1,"UE"
35,11,5,1,"UE"
35,12,6,1,"UE"
35,13,1,1,"UE"
35,14,4,1,"UE"
35,15,2,1,"UE"
35,16,5,1,"UE"
35,17,3,1,"UE"
35,18,6,1,"UE"
35,19,2,1,"UE"
35,20,6,1.2,"UE"
35,21,5,1.2,"UE"
35,22,4,1.2,"UE"
35,23,1,1,"UE"
35,24,3,1,"UE"
35,25,6,1,"UE"
35,26,2,1,"UE"
35,27,4,1,"UE"
35,28,1,1,"UE"
35,29,3,1,"UE"
35,30,5,1,"UE"
36,1,5,5,"UE"
36,2,2,4,"UE"
36,3,4,8,"UE"
36,4,6,8,"UE"
36,5,3,6,"UE"
36,6,1,3,"UE"
36,7,5,7,"UE"
36,8,1,2,"UE"
36,9,2,5,"UE"
36,10,6,8,"UE"
36,11,4,6,"UE"
36,12,3,4,"UE"
36,13,1,2,"UE"
36,14,4,7,"UE"
36,15,3,7,"UE"
36,16,6,8,"UE"
36,17,2,4,"UE"
36,18,5,5,"UE"
36,19,4,7,"UE"
36,20,5,7,"UE"
36,21,2,3,"UE"
36,22,3,6,"UE"
36,23,6,8,"UE"
36,24,1,2,"UE"
36,25,2,7,"UE"
36,26,6,8,"UE"
36,27,1,3,"UE"
36,28,4,9,"UE"
36,29,5,8,"UE"
36,30,3,7,"UE"
37,1,6,15,"UE"
37,2,3,15,"UE"
37,3,2,125,"UE"
37,4,1,1,"UE"
37,5,4,15,"UE"
37,6,5,2,"UE"
37,7,3,2,"UE"
37,8,2,22,"UE"
37,9,5,3,"UE"
37,10,4,3,"UE"
37,11,6,325,"UE"
37,12,1,15,"UE"
37,13,1,125,"UE"
37,14,5,25,"UE"
37,15,6,3,"UE"
37,16,3,3,"UE"
37,17,4,3,"UE"
37,18,2,3,"UE"
37,19,3,3,"UE"
37,20,6,32,"UE"
37,21,2,32,"UE"
37,22,5,35,"UE"
37,23,1,1,"UE"
37,24,4,25,"UE"
37,25,4,325,"UE"
37,26,3,25,"UE"
37,27,1,2,"UE"
37,28,2,3,"UE"
37,29,6,25,"UE"
37,30,5,25,"UE"
38,1,4,7,"UE"
38,2,1,4,"UE"
38,3,2,5,"UE"
38,4,5,6,"UE"
38,5,6,8,"UE"
38,6,3,5,"UE"
38,7,4,6,"UE"
38,8,1,3,"UE"
38,9,3,5,"UE"
38,10,5,6,"UE"
38,11,6,7,"UE"
38,12,2,4,"UE"
38,13,1,3,"UE"
38,14,3,5,"UE"
38,15,4,6,"UE"
38,16,5,4,"UE"
38,17,6,6,"UE"
38,18,2,4,"UE"
38,19,2,4,"UE"
38,20,5,5,"UE"
38,21,3,4,"UE"
38,22,1,3,"UE"
38,23,4,5,"UE"
38,24,6,6,"UE"
38,25,2,5,"UE"
38,26,6,6,"UE"
38,27,4,6,"UE"
38,28,3,5,"UE"
38,29,1,4,"UE"
38,30,5,5,"UE"
39,1,3,8,"UE"
39,2,6,9,"UE"
39,3,5,10,"UE"
39,4,1,7,"UE"
39,5,4,9,"UE"
39,6,2,8,"UE"
39,7,1,7,"UE"
39,8,3,8,"UE"
39,9,2,8,"UE"
39,10,6,9,"UE"
39,11,5,9,"UE"
39,12,4,8,"UE"
39,13,5,8,"UE"
39,14,4,8,"UE"
39,15,3,7,"UE"
39,16,2,6,"UE"
39,17,1,5,"UE"
39,18,6,6,"UE"
39,19,5,7,"UE"
39,20,4,6,"UE"
39,21,3,6,"UE"
39,22,1,5,"UE"
39,23,6,8,"UE"
39,24,2,6,"UE"
39,25,1,5,"UE"
39,26,5,8,"UE"
39,27,2,7,"UE"
39,28,6,9,"UE"
39,29,4,8,"UE"
39,30,3,8,"UE"
40,1,6,5,"UE"
40,2,1,2,"UE"
40,3,3,4,"UE"
40,4,4,6,"UE"
40,5,5,6,"UE"
40,6,2,4,"UE"
40,7,1,22,"UE"
40,8,2,2,"UE"
40,9,6,6,"UE"
40,10,4,4,"UE"
40,11,3,4,"UE"
40,12,5,6,"UE"
40,13,3,4,"UE"
40,14,6,6,"UE"
40,15,1,2,"UE"
40,16,4,4,"UE"
40,17,2,3,"UE"
40,18,5,4,"UE"
40,19,1,1,"UE"
40,20,4,5,"UE"
40,21,2,3,"UE"
40,22,3,5,"UE"
40,23,5,5,"UE"
40,24,6,5,"UE"
40,25,6,5,"UE"
40,26,4,4,"UE"
40,27,5,5,"UE"
40,28,3,4.44444444444444e+42,"UE"
40,29,2,3,"UE"
40,30,1,1,"UE"
41,1,3,12,"UE"
41,2,6,15,"UE"
41,3,4,12,"UE"
41,4,1,10,"UE"
41,5,2,10,"UE"
41,6,5,12,"UE"
41,7,5,12,"UE"
41,8,6,15,"UE"
41,9,4,15,"UE"
41,10,1,10,"UE"
41,11,2,10,"UE"
41,12,3,12,"UE"
41,13,2,12,"UE"
41,14,5,15,"UE"
41,15,1,10,"UE"
41,16,4,15,"UE"
41,17,6,15,"UE"
41,18,3,15,"UE"
41,19,2,12,"UE"
41,20,5,12,"UE"
41,21,1,10,"UE"
41,22,3,15,"UE"
41,23,4,15,"UE"
41,24,6,15,"UE"
41,25,6,15,"UE"
41,26,5,12,"UE"
41,27,2,12,"UE"
41,28,4,12,"UE"
41,29,3,12,"UE"
41,30,1,10,"UE"
42,1,2,2,"UE"
42,2,5,4,"UE"
42,3,6,3,"UE"
42,4,3,2,"UE"
42,5,4,5,"UE"
42,6,1,1,"UE"
42,7,1,1,"UE"
42,8,5,5,"UE"
42,9,4,4,"UE"
42,10,2,3,"UE"
42,11,6,3,"UE"
42,12,3,4,"UE"
42,13,5,5,"UE"
42,14,3,5,"UE"
42,15,4,6,"UE"
42,16,2,2,"UE"
42,17,1,1,"UE"
42,18,6,6,"UE"
42,19,4,6,"UE"
42,20,5,5,"UE"
42,21,6,5,"UE"
42,22,1,1,"UE"
42,23,2,3,"UE"
42,24,3,6,"UE"
42,25,3,5,"UE"
42,26,2,3,"UE"
42,27,6,5,"UE"
42,28,1,1,"UE"
42,29,5,5,"UE"
42,30,4,6,"UE"
43,1,5,5,"UE"
43,2,2,4,"UE"
43,3,1,3,"UE"
43,4,6,5,"UE"
43,5,4,48,"UE"
43,6,3,4,"UE"
43,7,2,35,"UE"
43,8,5,375,"UE"
43,9,6,49,"UE"
43,10,4,49,"UE"
43,11,1,2,"UE"
43,12,3,25,"UE"
43,13,4,3,"UE"
43,14,3,32,"UE"
43,15,2,29,"UE"
43,16,1,2,"UE"
43,17,5,25,"UE"
43,18,6,275,"UE"
43,19,4,275,"UE"
43,20,1,15,"UE"
43,21,2,25,"UE"
43,22,6,4,"UE"
43,23,3,3,"UE"
43,24,5,35,"UE"
43,25,1,14,"UE"
43,26,4,18,"UE"
43,27,5,3,"UE"
43,28,6,32,"UE"
43,29,3,29,"UE"
43,30,2,3,"UE"
44,1,5,10,"UE"
44,2,3,11,"UE"
44,3,1,7,"UE"
44,4,4,11,"UE"
44,5,6,13,"UE"
44,6,2,12,"UE"
44,7,4,13,"UE"
44,8,6,14,"UE"
44,9,5,14,"UE"
44,10,1,7,"UE"
44,11,3,12,"UE"
44,12,2,10,"UE"
44,13,6,14,"UE"
44,14,3,15,"UE"
44,15,1,8,"UE"
44,16,4,11,"UE"
44,17,2,10,"UE"
44,18,5,15,"UE"
44,19,4,15,"UE"
44,20,1,6,"UE"
44,21,3,9,"UE"
44,22,2,10,"UE"
44,23,5,12,"UE"
44,24,6,15,"UE"
44,25,1,7,"UE"
44,26,5,14,"UE"
44,27,3,15,"UE"
44,28,2,13,"UE"
44,29,4,14,"UE"
44,30,6,15,"UE"
45,1,3,2,"UE"
45,2,2,2,"UE"
45,3,6,5,"UE"
45,4,5,5,"UE"
45,5,4,4,"UE"
45,6,1,1,"UE"
45,7,6,5,"UE"
45,8,4,5,"UE"
45,9,1,2,"UE"
45,10,3,5,"UE"
45,11,2,3,"UE"
45,12,5,5,"UE"
45,13,1,1,"UE"
45,14,4,6,"UE"
45,15,2,2,"UE"
45,16,3,3,"UE"
45,17,5,5,"UE"
45,18,6,5,"UE"
45,19,1,1,"UE"
45,20,5,5,"UE"
45,21,2,3,"UE"
45,22,4,4,"UE"
45,23,6,5,"UE"
45,24,3,3,"UE"
45,25,2,2,"UE"
45,26,1,1,"UE"
45,27,6,5,"UE"
45,28,3,4,"UE"
45,29,5,4,"UE"
45,30,4,3,"UE"
46,1,1,2,"UE"
46,2,4,5,"UE"
46,3,6,7,"UE"
46,4,2,3,"UE"
46,5,5,4,"UE"
46,6,3,3,"UE"
46,7,5,4,"UE"
46,8,6,5,"UE"
46,9,4,5,"UE"
46,10,3,4,"UE"
46,11,1,2,"UE"
46,12,2,4,"UE"
46,13,2,5,"UE"
46,14,4,7,"UE"
46,15,3,6,"UE"
46,16,6,7,"UE"
46,17,1,2,"UE"
46,18,5,5,"UE"
46,19,1,2,"UE"
46,20,3,5,"UE"
46,21,2,4,"UE"
46,22,5,5,"UE"
46,23,6,6,"UE"
46,24,4,6,"UE"
46,25,2,5,"UE"
46,26,4,6,"UE"
46,27,6,5,"UE"
46,28,3,4,"UE"
46,29,1,1,"UE"
46,30,5,4,"UE"
47,1,6,6.5,"UE"
47,2,2,5,"UE"
47,3,4,7,"UE"
47,4,1,4,"UE"
47,5,3,6,"UE"
47,6,5,7.5,"UE"
47,7,2,6.5,"UE"
47,8,6,8.5,"UE"
47,9,1,4,"UE"
47,10,5,6.5,"UE"
47,11,4,8,"UE"
47,12,3,8,"UE"
47,13,3,8.5,"UE"
47,14,1,3.5,"UE"
47,15,4,7.5,"UE"
47,16,2,6,"UE"
47,17,5,7.5,"UE"
47,18,6,8.5,"UE"
47,19,5,8.5,"UE"
47,20,3,8.3,"UE"
47,21,4,8,"UE"
47,22,1,3,"UE"
47,23,2,5.5,"UE"
47,24,6,9,"UE"
47,25,5,7.5,"UE"
47,26,4,7,"UE"
47,27,6,9,"UE"
47,28,3,7.5,"UE"
47,29,1,4,"UE"
47,30,2,5,"UE"
48,1,3,5,"UE"
48,2,6,5,"UE"
48,3,1,3,"UE"
48,4,5,4,"UE"
48,5,2,4,"UE"
48,6,4,6,"UE"
48,7,1,3,"UE"
48,8,2,5,"UE"
48,9,3,6,"UE"
48,10,5,6,"UE"
48,11,6,7,"UE"
48,12,4,7,"UE"
48,13,5,8,"UE"
48,14,6,9,"UE"
48,15,2,7,"UE"
48,16,3,8,"UE"
48,17,1,5,"UE"
48,18,4,7,"UE"
48,19,3,7,"UE"
48,20,6,8,"UE"
48,21,1,4,"UE"
48,22,2,7,"UE"
48,23,4,9,"UE"
48,24,5,8,"UE"
48,25,6,9,"UE"
48,26,3,6,"UE"
48,27,4,7,"UE"
48,28,2,6,"UE"
48,29,1,5,"UE"
48,30,5,7,"UE"
49,1,5,6,"UE"
49,2,3,2,"UE"
49,3,1,1,"UE"
49,4,4,12,"UE"
49,5,6,13,"UE"
49,6,2,4,"UE"
49,7,6,8,"UE"
49,8,1,5,"UE"
49,9,3,3,"UE"
49,10,4,6,"UE"
49,11,2,3,"UE"
49,12,5,8,"UE"
49,13,1,5,"UE"
49,14,5,5,"UE"
49,15,4,6,"UE"
49,16,6,8,"UE"
49,17,3,7,"UE"
49,18,2,6,"UE"
49,19,6,9,"UE"
49,20,3,5,"UE"
49,21,2,3,"UE"
49,22,4,6.5,"UE"
49,23,5,6,"UE"
49,24,1,0.2,"UE"
49,25,4,7,"UE"
49,26,3,6.8,"UE"
49,27,5,7.8,"UE"
49,28,1,1,"UE"
49,29,6,8,"UE"
49,30,2,2.5,"UE"
50,1,4,2,"UE"
50,2,2,2,"UE"
50,3,1,1,"UE"
50,4,6,4,"UE"
50,5,3,5,"UE"
50,6,5,4,"UE"
50,7,5,5,"UE"
50,8,6,5,"UE"
50,9,4,4,"UE"
50,10,3,3,"UE"
50,11,2,2,"UE"
50,12,1,1,"UE"
50,13,2,1,"UE"
50,14,5,3,"UE"
50,15,3,3,"UE"
50,16,6,3,"UE"
50,17,4,3,"UE"
50,18,1,2,"UE"
50,19,5,3,"UE"
50,20,6,5,"UE"
50,21,1,1,"UE"
50,22,3,2,"UE"
50,23,2,2,"UE"
50,24,4,3,"UE"
50,25,2,1,"UE"
50,26,4,2,"UE"
50,27,6,2,"UE"
50,28,5,2,"UE"
50,29,3,3,"UE"
50,30,1,1,"UE"
51,1,5,4,"UE"
51,2,4,3,"UE"
51,3,1,1,"UE"
51,4,3,5,"UE"
51,5,6,6,"UE"
51,6,2,3,"UE"
51,7,3,4,"UE"
51,8,1,1,"UE"
51,9,4,5,"UE"
51,10,2,3,"UE"
51,11,6,4,"UE"
51,12,5,5,"UE"
51,13,2,4,"UE"
51,14,5,3,"UE"
51,15,4,5,"UE"
51,16,3,6,"UE"
51,17,6,6,"UE"
51,18,1,1,"UE"
51,19,4,3,"UE"
51,20,1,1,"UE"
51,21,2,4,"UE"
51,22,5,5,"UE"
51,23,6,5,"UE"
51,24,3,3,"UE"
51,25,3,5,"UE"
51,26,6,6,"UE"
51,27,5,4,"UE"
51,28,4,5,"UE"
51,29,1,1,"UE"
51,30,2,2,"UE"
52,1,3,7,"UE"
52,2,6,7,"UE"
52,3,4,7,"UE"
52,4,5,7,"UE"
52,5,1,5,"UE"
52,6,2,6,"UE"
52,7,4,8,"UE"
52,8,2,5,"UE"
52,9,1,5,"UE"
52,10,6,9,"UE"
52,11,3,9,"UE"
52,12,5,12,"UE"
52,13,3,12,"UE"
52,14,2,10,"UE"
52,15,1,7,"UE"
52,16,6,11,"UE"
52,17,4,12,"UE"
52,18,5,12,"UE"
52,19,2,12,"UE"
52,20,4,12,"UE"
52,21,6,13,"UE"
52,22,5,13,"UE"
52,23,3,10,"UE"
52,24,1,5,"UE"
52,25,3,7,"UE"
52,26,6,10,"UE"
52,27,2,8,"UE"
52,28,5,12,"UE"
52,29,1,5,"UE"
52,30,4,12,"UE"
53,1,1,3,"UE"
53,2,5,4,"UE"
53,3,2,2,"UE"
53,4,3,2,"UE"
53,5,4,4,"UE"
53,6,6,6,"UE"
53,7,1,1,"UE"
53,8,4,3,"UE"
53,9,6,5,"UE"
53,10,3,4,"UE"
53,11,5,44,"UE"
53,12,2,4,"UE"
53,13,1,1,"UE"
53,14,3,3,"UE"
53,15,6,4,"UE"
53,16,5,4,"UE"
53,17,4,4,"UE"
53,18,2,1,"UE"
53,19,4,3,"UE"
53,20,3,2.5,"UE"
53,21,2,2,"UE"
53,22,1,1,"UE"
53,23,6,6,"UE"
53,24,5,5,"UE"
53,25,5,4,"UE"
53,26,4,3,"UE"
53,27,1,1,"UE"
53,28,3,4,"UE"
53,29,6,4,"UE"
53,30,2,2,"UE"
54,1,5,5,"UE"
54,2,4,5,"UE"
54,3,3,4,"UE"
54,4,1,2,"UE"
54,5,6,5,"UE"
54,6,2,4,"UE"
54,7,1,1,"UE"
54,8,6,5,"UE"
54,9,3,5,"UE"
54,10,2,4,"UE"
54,11,4,5,"UE"
54,12,5,4,"UE"
54,13,3,4,"UE"
54,14,4,4,"UE"
54,15,1,1,"UE"
54,16,5,5,"UE"
54,17,6,5,"UE"
54,18,2,4,"UE"
54,19,5,4,"UE"
54,20,1,1,"UE"
54,21,4,5,"UE"
54,22,3,6,"UE"
54,23,6,6,"UE"
54,24,2,4,"UE"
54,25,6,5,"UE"
54,26,5,5,"UE"
54,27,4,5,"UE"
54,28,3,5,"UE"
54,29,1,1,"UE"
54,30,2,3,"UE"
55,1,6,2,"UE"
55,2,5,2,"UE"
55,3,2,1,"UE"
55,4,3,2,"UE"
55,5,1,1,"UE"
55,6,4,3,"UE"
55,7,6,2,"UE"
55,8,2,1,"UE"
55,9,5,2,"UE"
55,10,4,2,"UE"
55,11,3,1,"UE"
55,12,1,1,"UE"
55,13,3,2,"UE"
55,14,1,1,"UE"
55,15,4,2,"UE"
55,16,2,1,"UE"
55,17,5,3,"UE"
55,18,6,3,"UE"
55,19,1,1,"UE"
55,20,2,2,"UE"
55,21,4,2,"UE"
55,22,3,3,"UE"
55,23,5,2,"UE"
55,24,6,2,"UE"
55,25,3,1,"UE"
55,26,4,1,"UE"
55,27,5,1,"UE"
55,28,6,2,"UE"
55,29,1,1,"UE"
55,30,2,2,"UE"
56,1,4,7,"UE"
56,2,2,7,"UE"
56,3,6,6,"UE"
56,4,5,6,"UE"
56,5,1,4,"UE"
56,6,3,5,"UE"
56,7,3,6,"UE"
56,8,1,4,"UE"
56,9,6,7,"UE"
56,10,4,6,"UE"
56,11,5,7,"UE"
56,12,2,5,"UE"
56,13,2,4.5,"UE"
56,14,1,3,"UE"
56,15,5,6,"UE"
56,16,3,77,"UE"
56,17,4,6,"UE"
56,18,6,7,"UE"
56,19,3,6,"UE"
56,20,1,3,"UE"
56,21,5,5,"UE"
56,22,6,7,"UE"
56,23,4,6,"UE"
56,24,2,5,"UE"
56,25,3,6,"UE"
56,26,4,6,"UE"
56,27,6,7,"UE"
56,28,5,6,"UE"
56,29,1,3,"UE"
56,30,2,5,"UE"
57,1,5,6,"UE"
57,2,6,6,"UE"
57,3,2,4,"UE"
57,4,3,5,"UE"
57,5,1,4,"UE"
57,6,4,7,"UE"
57,7,3,8,"UE"
57,8,5,6,"UE"
57,9,6,8,"UE"
57,10,1,3,"UE"
57,11,4,6,"UE"
57,12,2,4,"UE"
57,13,2,3,"UE"
57,14,1,2,"UE"
57,15,3,7,"UE"
57,16,4,7,"UE"
57,17,5,8,"UE"
57,18,6,9,"UE"
57,19,5,9,"UE"
57,20,2,5,"UE"
57,21,6,6,"UE"
57,22,4,5,"UE"
57,23,1,2,"UE"
57,24,3,5,"UE"
57,25,4,6,"UE"
57,26,1,2,"UE"
57,27,5,7,"UE"
57,28,6,8,"UE"
57,29,2,5,"UE"
57,30,3,6,"UE"
58,1,2,4,"UE"
58,2,4,35,"UE"
58,3,3,35,"UE"
58,4,6,45,"UE"
58,5,5,5,"UE"
58,6,1,2,"UE"
58,7,6,45,"UE"
58,8,2,35,"UE"
58,9,4,35,"UE"
58,10,3,4,"UE"
58,11,5,3,"UE"
58,12,1,15,"UE"
58,13,6,4,"UE"
58,14,3,35,"UE"
58,15,2,25,"UE"
58,16,5,4,"UE"
58,17,1,15,"UE"
58,18,4,45,"UE"
58,19,1,1,"UE"
58,20,2,3,"UE"
58,21,3,4,"UE"
58,22,4,45,"UE"
58,23,5,4,"UE"
58,24,6,5,"UE"
58,25,2,35,"UE"
58,26,1,15,"UE"
58,27,4,4,"UE"
58,28,3,35,"UE"
58,29,6,45,"UE"
58,30,5,4,"UE"
59,1,4,4,"UE"
59,2,2,3,"UE"
59,3,3,3,"UE"
59,4,5,4,"UE"
59,5,1,2,"UE"
59,6,6,5,"UE"
59,7,3,4,"UE"
59,8,5,5,"UE"
59,9,6,6,"UE"
59,10,1,1,"UE"
59,11,2,3,"UE"
59,12,4,4,"UE"
59,13,2,3,"UE"
59,14,5,4,"UE"
59,15,1,1,"UE"
59,16,3,4,"UE"
59,17,4,5,"UE"
59,18,6,6,"UE"
59,19,1,3,"UE"
59,20,3,5,"UE"
59,21,5,6,"UE"
59,22,2,3,"UE"
59,23,4,5,"UE"
59,24,6,6,"UE"
59,25,2,4,"UE"
59,26,6,5,"UE"
59,27,5,5,"UE"
59,28,3,4,"UE"
59,29,1,2,"UE"
59,30,4,4,"UE"
60,1,6,10,"UE"
60,2,4,8,"UE"
60,3,5,7,"UE"
60,4,3,7,"UE"
60,5,2,6,"UE"
60,6,1,5,"UE"
60,7,5,10,"UE"
60,8,3,9,"UE"
60,9,4,10,"UE"
60,10,2,8,"UE"
60,11,1,6,"UE"
60,12,6,12,"UE"
60,13,5,11,"UE"
60,14,3,10,"UE"
60,15,2,9,"UE"
60,16,4,10,"UE"
60,17,6,11,"UE"
60,18,1,6,"UE"
60,19,3,10,"UE"
60,20,5,11,"UE"
60,21,2,8,"UE"
60,22,1,6,"UE"
60,23,6,12,"UE"
60,24,4,10,"UE"
60,25,1,7,"UE"
60,26,3,9,"UE"
60,27,2,8,"UE"
60,28,5,11,"UE"
60,29,6,12,"UE"
60,30,4,11,"UE"
61,1,5,7,"UE"
61,2,6,8,"UE"
61,3,3,45,"UE"
61,4,1,3,"UE"
61,5,2,52,"UE"
61,6,4,6,"UE"
61,7,4,6,"UE"
61,8,2,34,"UE"
61,9,3,7,"UE"
61,10,1,23,"UE"
61,11,6,8,"UE"
61,12,5,3,"UE"
61,13,1,2,"UE"
61,14,2,35,"UE"
61,15,6,83,"UE"
61,16,3,6,"UE"
61,17,5,55,"UE"
61,18,4,6,"UE"
61,19,1,23,"UE"
61,20,5,6,"UE"
61,21,2,65,"UE"
61,22,4,7,"UE"
61,23,6,8,"UE"
61,24,3,4,"UE"
61,25,5,6,"UE"
61,26,1,3,"UE"
61,27,4,5,"UE"
61,28,3,8,"UE"
61,29,6,9,"UE"
61,30,2,64,"UE"
62,1,5,2,"UE"
62,2,6,3,"UE"
62,3,4,3.5,"UE"
62,4,1,1.5,"UE"
62,5,3,2.5,"UE"
62,6,2,2,"UE"
62,7,2,2.5,"UE"
62,8,6,3.5,"UE"
62,9,1,1.5,"UE"
62,10,5,3,"UE"
62,11,4,3.5,"UE"
62,12,3,3,"UE"
62,13,3,3,"UE"
62,14,5,3.5,"UE"
62,15,2,2.5,"UE"
62,16,6,3.5,"UE"
62,17,1,1.5,"UE"
62,18,4,3,"UE"
62,19,3,3.5,"UE"
62,20,5,3.5,"UE"
62,21,4,3.5,"UE"
62,22,1,1.5,"UE"
62,23,6,4,"UE"
62,24,2,2,"UE"
62,25,1,1.5,"UE"
62,26,4,3.5,"UE"
62,27,5,3.5,"UE"
62,28,2,3,"UE"
62,29,6,4,"UE"
62,30,3,3,"UE"
63,1,1,0.5,"UE"
63,2,2,1,"UE"
63,3,6,2,"UE"
63,4,3,1.5,"UE"
63,5,5,2,"UE"
63,6,4,2,"UE"
63,7,5,2,"UE"
63,8,6,2.5,"UE"
63,9,3,1.5,"UE"
63,10,2,1,"UE"
63,11,1,1,"UE"
63,12,4,1.5,"UE"
63,13,1,0.5,"UE"
63,14,6,2,"UE"
63,15,4,2,"UE"
63,16,2,2,"UE"
63,17,3,1.5,"UE"
63,18,5,2,"UE"
63,19,5,2,"UE"
63,20,1,0.5,"UE"
63,21,4,2,"UE"
63,22,6,2.5,"UE"
63,23,3,2,"UE"
63,24,2,1,"UE"
63,25,6,2,"UE"
63,26,1,0.5,"UE"
63,27,5,1.5,"UE"
63,28,4,1.5,"UE"
63,29,3,2,"UE"
63,30,2,1.5,"UE"
64,1,6,2.5,"UE"
64,2,1,2,"UE"
64,3,4,2.8,"UE"
64,4,5,2.9,"UE"
64,5,3,2.9,"UE"
64,6,2,2.4,"UE"
64,7,5,2.6,"UE"
64,8,3,2.7,"UE"
64,9,1,2.2,"UE"
64,10,2,2.5,"UE"
64,11,6,2.7,"UE"
64,12,4,2.8,"UE"
64,13,2,2.3,"UE"
64,14,3,2.6,"UE"
64,15,4,2.7,"UE"
64,16,5,2.75,"UE"
64,17,6,2.8,"UE"
64,18,1,2,"UE"
64,19,4,2.7,"UE"
64,20,2,2.2,"UE"
64,21,5,2.6,"UE"
64,22,1,2.1,"UE"
64,23,3,2.5,"UE"
64,24,6,2.7,"UE"
64,25,2,2.3,"UE"
64,26,4,2.45,"UE"
64,27,1,2.1,"UE"
64,28,6,2.8,"UE"
64,29,3,2.5,"UE"
64,30,5,2.8,"UE"
65,1,4,3,"UE"
65,2,3,3,"UE"
65,3,2,2.8,"UE"
65,4,5,2.8,"UE"
65,5,1,2,"UE"
65,6,6,3.5,"UE"
65,7,4,3,"UE"
65,8,2,2.5,"UE"
65,9,6,3,"UE"
65,10,3,2.8,"UE"
65,11,5,2.8,"UE"
65,12,1,2.5,"UE"
65,13,5,3.2,"UE"
65,14,4,3.4,"UE"
65,15,3,3.3,"UE"
65,16,2,2.8,"UE"
65,17,6,3,"UE"
65,18,1,2.5,"UE"
65,19,6,4,"UE"
65,20,5,2.8,"UE"
65,21,1,2.6,"UE"
65,22,2,2.6,"UE"
65,23,3,2.5,"UE"
65,24,4,2.7,"UE"
65,25,1,2.4,"UE"
65,26,4,2.6,"UE"
65,27,3,2.4,"UE"
65,28,6,2.4,"UE"
65,29,5,2.5,"UE"
65,30,2,2.4,"UE"
66,1,2,1,"UE"
66,2,5,5,"UE"
66,3,6,5,"UE"
66,4,4,3,"UE"
66,5,1,1.5,"UE"
66,6,3,3,"UE"
66,7,1,1.5,"UE"
66,8,4,4,"UE"
66,9,6,8,"UE"
66,10,2,1,"UE"
66,11,5,3,"UE"
66,12,3,5,"UE"
66,13,1,1.5,"UE"
66,14,2,3,"UE"
66,15,3,5,"UE"
66,16,5,5,"UE"
66,17,4,5,"UE"
66,18,6,10,"UE"
66,19,1,1,"UE"
66,20,2,3,"UE"
66,21,5,10,"UE"
66,22,4,5,"UE"
66,23,6,10,"UE"
66,24,3,10,"UE"
66,25,2,5,"UE"
66,26,4,5,"UE"
66,27,1,1.5,"UE"
66,28,5,5,"UE"
66,29,3,5,"UE"
66,30,6,10,"UE"
67,1,4,8,"UE"
67,2,5,8,"UE"
67,3,6,9,"UE"
67,4,1,3,"UE"
67,5,3,5,"UE"
67,6,2,6,"UE"
67,7,1,2,"UE"
67,8,3,7,"UE"
67,9,5,9,"UE"
67,10,4,6,"UE"
67,11,6,5,"UE"
67,12,2,3,"UE"
67,13,5,6,"UE"
67,14,6,7,"UE"
67,15,3,8,"UE"
67,16,4,9,"UE"
67,17,1,2,"UE"
67,18,2,7,"UE"
67,19,2,6,"UE"
67,20,5,7,"UE"
67,21,4,6,"UE"
67,22,1,2,"UE"
67,23,3,7,"UE"
67,24,6,8,"UE"
67,25,3,7,"UE"
67,26,2,5,"UE"
67,27,5,6,"UE"
67,28,4,6,"UE"
67,29,6,5,"UE"
67,30,1,2,"UE"
68,1,1,1,"UE"
68,2,5,5.5,"UE"
68,3,3,4,"UE"
68,4,2,2,"UE"
68,5,6,7,"UE"
68,6,4,6,"UE"
68,7,1,3,"UE"
68,8,6,7,"UE"
68,9,4,5,"UE"
68,10,2,4,"UE"
68,11,5,6,"UE"
68,12,3,5,"UE"
68,13,5,8,"UE"
68,14,1,2,"UE"
68,15,4,6,"UE"
68,16,2,4,"UE"
68,17,3,7,"UE"
68,18,6,8,"UE"
68,19,2,6,"UE"
68,20,1,2,"UE"
68,21,4,7,"UE"
68,22,6,5,"UE"
68,23,3,7,"UE"
68,24,5,5,"UE"
68,25,4,7,"UE"
68,26,6,7,"UE"
68,27,3,6,"UE"
68,28,5,8,"UE"
68,29,1,1,"UE"
68,30,2,4,"UE"
69,1,1,4,"UE"
69,2,2,4,"UE"
69,3,4,6,"UE"
69,4,3,6,"UE"
69,5,5,7,"UE"
69,6,6,6,"UE"
69,7,5,7,"UE"
69,8,6,6,"UE"
69,9,1,3,"UE"
69,10,3,5,"UE"
69,11,4,8,"UE"
69,12,2,5,"UE"
69,13,6,7,"UE"
69,14,2,6,"UE"
69,15,1,4,"UE"
69,16,5,8,"UE"
69,17,4,8,"UE"
69,18,3,8,"UE"
69,19,2,6,"UE"
69,20,5,9,"UE"
69,21,4,9,"UE"
69,22,3,8,"UE"
69,23,6,9,"UE"
69,24,1,3,"UE"
69,25,5,7,"UE"
69,26,4,8,"UE"
69,27,2,7,"UE"
69,28,3,7,"UE"
69,29,1,2,"UE"
69,30,6,6,"UE"
70,1,1,4,"UE"
70,2,2,4,"UE"
70,3,5,5,"UE"
70,4,6,6,"UE"
70,5,3,7,"UE"
70,6,4,8,"UE"
70,7,2,7,"UE"
70,8,6,8,"UE"
70,9,5,8,"UE"
70,10,3,8,"UE"
70,11,4,8,"UE"
70,12,1,6,"UE"
70,13,1,6,"UE"
70,14,4,7,"UE"
70,15,3,8,"UE"
70,16,6,9,"UE"
70,17,5,9,"UE"
70,18,2,8,"UE"
70,19,3,9,"UE"
70,20,1,7,"UE"
70,21,2,8,"UE"
70,22,6,9,"UE"
70,23,5,9,"UE"
70,24,4,9,"UE"
70,25,1,8,"UE"
70,26,5,9,"UE"
70,27,6,9,"UE"
70,28,4,9,"UE"
70,29,2,8,"UE"
70,30,3,8,"UE"
71,1,1,2,"UE"
71,2,4,5,"UE"
71,3,2,2,"UE"
71,4,6,6,"UE"
71,5,3,4,"UE"
71,6,5,5,"UE"
71,7,6,4,"UE"
71,8,3,4,"UE"
71,9,5,6,"UE"
71,10,2,3,"UE"
71,11,1,3,"UE"
71,12,4,8,"UE"
71,13,2,5,"UE"
71,14,4,4,"UE"
71,15,5,3,"UE"
71,16,1,2,"UE"
71,17,6,7,"UE"
71,18,3,5,"UE"
71,19,5,4,"UE"
71,20,4,4,"UE"
71,21,1,1,"UE"
71,22,6,7,"UE"
71,23,3,6,"UE"
71,24,2,3,"UE"
71,25,1,2,"UE"
71,26,3,4,"UE"
71,27,4,6,"UE"
71,28,6,7,"UE"
71,29,2,4,"UE"
71,30,5,4,"UE"
72,1,1,5,"UE"
72,2,6,10,"UE"
72,3,2,7.5,"UE"
72,4,5,12,"UE"
72,5,4,10,"UE"
72,6,3,14,"UE"
72,7,4,15,"UE"
72,8,3,12,"UE"
72,9,6,15,"UE"
72,10,2,10,"UE"
72,11,5,10,"UE"
72,12,1,5,"UE"
72,13,3,12,"UE"
72,14,5,11,"UE"
72,15,2,9,"UE"
72,16,4,10,"UE"
72,17,6,20,"UE"
72,18,1,7,"UE"
72,19,5,10,"UE"
72,20,3,11,"UE"
72,21,1,8,"UE"
72,22,4,16,"UE"
72,23,6,18,"UE"
72,24,2,8,"UE"
72,25,5,15,"UE"
72,26,2,12,"UE"
72,27,4,15,"UE"
72,28,6,20,"UE"
72,29,1,10,"UE"
72,30,3,14,"UE"
73,1,5,10,"UE"
73,2,2,8,"UE"
73,3,6,11,"UE"
73,4,4,9,"UE"
73,5,1,6,"UE"
73,6,3,8,"UE"
73,7,2,7,"UE"
73,8,6,11,"UE"
73,9,5,8,"UE"
73,10,1,6,"UE"
73,11,3,9,"UE"
73,12,4,10,"UE"
73,13,1,5,"UE"
73,14,2,8,"UE"
73,15,3,9,"UE"
73,16,5,8,"UE"
73,17,4,9,"UE"
73,18,6,10,"UE"
73,19,3,8,"UE"
73,20,6,8,"UE"
73,21,2,7,"UE"
73,22,1,6,"UE"
73,23,5,8,"UE"
73,24,4,9,"UE"
73,25,4,10,"UE"
73,26,6,11,"UE"
73,27,3,9,"UE"
73,28,5,8,"UE"
73,29,2,7,"UE"
73,30,1,5,"UE"
74,1,2,2,"UE"
74,2,4,3,"UE"
74,3,1,15,"UE"
74,4,3,5,"UE"
74,5,5,5,"UE"
74,6,6,8,"UE"
74,7,6,8,"UE"
74,8,5,8,"UE"
74,9,2,5,"UE"
74,10,1,25,"UE"
74,11,4,8,"UE"
74,12,3,8,"UE"
74,13,6,10,"UE"
74,14,5,8,"UE"
74,15,3,7,"UE"
74,16,4,8,"UE"
74,17,1,25,"UE"
74,18,2,5,"UE"
74,19,4,7,"UE"
74,20,3,7,"UE"
74,21,1,25,"UE"
74,22,6,9,"UE"
74,23,2,5,"UE"
74,24,5,75,"UE"
74,25,1,25,"UE"
74,26,3,5,"UE"
74,27,2,5,"UE"
74,28,4,8,"UE"
74,29,5,10,"UE"
74,30,6,10,"UE"
75,1,2,6,"UE"
75,2,3,8,"UE"
75,3,6,10,"UE"
75,4,4,10,"UE"
75,5,5,12,"UE"
75,6,1,3,"UE"
75,7,5,9,"UE"
75,8,6,13,"UE"
75,9,2,7,"UE"
75,10,4,10,"UE"
75,11,1,3,"UE"
75,12,3,10,"UE"
75,13,4,12,"UE"
75,14,1,5,"UE"
75,15,6,13,"UE"
75,16,3,8,"UE"
75,17,2,6,"UE"
75,18,5,10,"UE"
75,19,6,14,"UE"
75,20,4,10,"UE"
75,21,2,8,"UE"
75,22,5,12,"UE"
75,23,1,5,"UE"
75,24,3,10,"UE"
75,25,3,8,"UE"
75,26,1,5,"UE"
75,27,6,14,"UE"
75,28,2,10,"UE"
75,29,5,14,"UE"
75,30,4,9,"UE"
76,1,5,5,"UE"
76,2,2,4,"UE"
76,3,1,2,"UE"
76,4,4,6,"UE"
76,5,3,5,"UE"
76,6,6,6,"UE"
76,7,5,6,"UE"
76,8,6,6,"UE"
76,9,2,5,"UE"
76,10,3,6,"UE"
76,11,4,6.5,"UE"
76,12,1,4,"UE"
76,13,3,6.5,"UE"
76,14,4,6,"UE"
76,15,1,4,"UE"
76,16,5,6,"UE"
76,17,2,5,"UE"
76,18,6,6.5,"UE"
76,19,5,5.5,"UE"
76,20,1,4,"UE"
76,21,2,5,"UE"
76,22,3,5,"UE"
76,23,4,5.5,"UE"
76,24,6,6,"UE"
76,25,4,5.5,"UE"
76,26,1,3.5,"UE"
76,27,3,5,"UE"
76,28,5,5,"UE"
76,29,2,4.5,"UE"
76,30,6,5,"UE"
77,1,3,15,"UE"
77,2,2,20,"UE"
77,3,1,10,"UE"
77,4,5,15,"UE"
77,5,4,20,"UE"
77,6,6,20,"UE"
77,7,2,15,"UE"
77,8,4,15,"UE"
77,9,6,25,"UE"
77,10,3,30,"UE"
77,11,5,25,"UE"
77,12,1,10,"UE"
77,13,3,15,"UE"
77,14,1,10,"UE"
77,15,6,15,"UE"
77,16,2,15,"UE"
77,17,4,20,"UE"
77,18,5,15,"UE"
77,19,5,20,"UE"
77,20,6,20,"UE"
77,21,4,20,"UE"
77,22,1,10,"UE"
77,23,3,10,"UE"
77,24,2,15,"UE"
77,25,4,15,"UE"
77,26,1,10,"UE"
77,27,5,20,"UE"
77,28,3,15,"UE"
77,29,6,20,"UE"
77,30,2,15,"UE"
78,1,3,4,"UE"
78,2,2,2,"UE"
78,3,6,5,"UE"
78,4,1,1,"UE"
78,5,5,4,"UE"
78,6,4,5,"UE"
78,7,3,3,"UE"
78,8,6,6,"UE"
78,9,5,5,"UE"
78,10,1,1,"UE"
78,11,4,3,"UE"
78,12,2,2,"UE"
78,13,5,5,"UE"
78,14,4,5,"UE"
78,15,3,6,"UE"
78,16,1,1,"UE"
78,17,2,3,"UE"
78,18,6,5,"UE"
78,19,6,6,"UE"
78,20,3,5,"UE"
78,21,4,5,"UE"
78,22,5,5,"UE"
78,23,2,3,"UE"
78,24,1,2,"UE"
78,25,3,4,"UE"
78,26,2,3,"UE"
78,27,6,4,"UE"
78,28,1,2,"UE"
78,29,5,4,"UE"
78,30,4,5,"UE"
79,1,5,8,"UE"
79,2,1,5,"UE"
79,3,4,8,"UE"
79,4,6,10,"UE"
79,5,3,11,"UE"
79,6,2,9,"UE"
79,7,6,11,"UE"
79,8,3,10,"UE"
79,9,5,8,"UE"
79,10,2,7,"UE"
79,11,1,6,"UE"
79,12,4,8,"UE"
79,13,5,9,"UE"
79,14,2,6,"UE"
79,15,3,8,"UE"
79,16,4,9,"UE"
79,17,1,4,"UE"
79,18,6,8,"UE"
79,19,5,9,"UE"
79,20,2,5,"UE"
79,21,1,4,"UE"
79,22,3,7,"UE"
79,23,6,10,"UE"
79,24,4,9,"UE"
79,25,4,10,"UE"
79,26,3,8,"UE"
79,27,5,8,"UE"
79,28,1,7,"UE"
79,29,2,8,"UE"
79,30,6,10,"UE"
80,1,4,3.5,"UE"
80,2,2,2.5,"UE"
80,3,3,2.5,"UE"
80,4,1,2,"UE"
80,5,5,3,"UE"
80,6,6,4,"UE"
80,7,6,4.5,"UE"
80,8,2,2,"UE"
80,9,3,2.5,"UE"
80,10,1,1,"UE"
80,11,5,3.5,"UE"
80,12,4,4,"UE"
80,13,2,2,"UE"
80,14,6,2,"UE"
80,15,1,0.5,"UE"
80,16,5,4,"UE"
80,17,4,4.5,"UE"
80,18,3,3.5,"UE"
80,19,2,2,"UE"
80,20,3,2.5,"UE"
80,21,1,1,"UE"
80,22,6,5,"UE"
80,23,5,4.5,"UE"
80,24,4,4,"UE"
80,25,4,5,"UE"
80,26,6,4,"UE"
80,27,1,0.5,"UE"
80,28,5,3,"UE"
80,29,2,2,"UE"
80,30,3,3,"UE"
81,1,4,6,"UE"
81,2,2,4,"UE"
81,3,1,2,"UE"
81,4,6,5,"UE"
81,5,3,4.5,"UE"
81,6,5,8,"UE"
81,7,4,6,"UE"
81,8,2,10,"UE"
81,9,6,12,"UE"
81,10,3,12,"UE"
81,11,5,2,"UE"
81,12,1,1,"UE"
81,13,5,3,"UE"
81,14,2,2,"UE"
81,15,1,1.5,"UE"
81,16,3,6,"UE"
81,17,4,8,"UE"
81,18,6,10,"UE"
81,19,6,12,"UE"
81,20,1,5,"UE"
81,21,3,8,"UE"
81,22,4,10,"UE"
81,23,5,6,"UE"
81,24,2,5,"UE"
81,25,3,4.5,"UE"
81,26,5,3,"UE"
81,27,4,2,"UE"
81,28,2,1,"UE"
81,29,6,4,"UE"
81,30,1,0.5,"UE"
82,1,4,9,"UE"
82,2,2,6,"UE"
82,3,6,14,"UE"
82,4,3,13,"UE"
82,5,1,3,"UE"
82,6,5,10,"UE"
82,7,1,4,"UE"
82,8,5,15,"UE"
82,9,2,7,"UE"
82,10,3,11,"UE"
82,11,6,15,"UE"
82,12,4,15,"UE"
82,13,3,15,"UE"
82,14,6,17,"UE"
82,15,1,4,"UE"
82,16,4,18,"UE"
82,17,5,15,"UE"
82,18,2,8,"UE"
82,19,6,17,"UE"
82,20,4,17,"UE"
82,21,1,4,"UE"
82,22,2,6,"UE"
82,23,3,10,"UE"
82,24,5,20,"UE"
82,25,5,19,"UE"
82,26,4,18,"UE"
82,27,3,16,"UE"
82,28,1,5,"UE"
82,29,2,8,"UE"
82,30,6,18,"UE"
83,1,4,1.5,"UE"
83,2,5,1,"UE"
83,3,2,1,"UE"
83,4,3,1,"UE"
83,5,1,0.8,"UE"
83,6,6,1.5,"UE"
83,7,5,1,"UE"
83,8,6,1,"UE"
83,9,3,1,"UE"
83,10,2,1.2,"UE"
83,11,1,0.6,"UE"
83,12,4,1,"UE"
83,13,1,0.8,"UE"
83,14,5,1,"UE"
83,15,4,1,"UE"
83,16,3,1,"UE"
83,17,2,1,"UE"
83,18,6,1.3,"UE"
83,19,4,1.3,"UE"
83,20,5,1.3,"UE"
83,21,3,1.1,"UE"
83,22,1,0.6,"UE"
83,23,6,1.3,"UE"
83,24,2,1,"UE"
83,25,4,1,"UE"
83,26,3,1,"UE"
83,27,1,0.6,"UE"
83,28,2,1,"UE"
83,29,6,0.8,"UE"
83,30,5,1,"UE"
84,1,6,6,"UE"
84,2,5,5,"UE"
84,3,2,4,"UE"
84,4,3,3,"UE"
84,5,4,3.5,"UE"
84,6,1,1.5,"UE"
84,7,4,2.5,"UE"
84,8,1,1.5,"UE"
84,9,6,3.5,"UE"
84,10,3,3,"UE"
84,11,5,2.8,"UE"
84,12,2,1.8,"UE"
84,13,6,2.2,"UE"
84,14,2,2,"UE"
84,15,5,2.2,"UE"
84,16,1,1,"UE"
84,17,4,3,"UE"
84,18,3,2.5,"UE"
84,19,2,2,"UE"
84,20,4,3,"UE"
84,21,5,2.8,"UE"
84,22,1,0.8,"UE"
84,23,3,1.2,"UE"
84,24,6,3,"UE"
84,25,1,1,"UE"
84,26,2,1.2,"UE"
84,27,6,3.5,"UE"
84,28,3,3,"UE"
84,29,5,2.8,"UE"
84,30,4,2.5,"UE"
85,1,3,2,"UE"
85,2,6,3,"UE"
85,3,1,1,"UE"
85,4,2,2,"UE"
85,5,5,4,"UE"
85,6,4,3,"UE"
85,7,1,1,"UE"
85,8,2,2,"UE"
85,9,4,2,"UE"
85,10,3,3,"UE"
85,11,6,4,"UE"
85,12,5,3,"UE"
85,13,2,2,"UE"
85,14,5,2,"UE"
85,15,6,3,"UE"
85,16,3,2,"UE"
85,17,4,3,"UE"
85,18,1,1,"UE"
85,19,1,1,"UE"
85,20,5,3,"UE"
85,21,4,3,"UE"
85,22,6,4,"UE"
85,23,2,2,"UE"
85,24,3,3,"UE"
85,25,6,4,"UE"
85,26,5,4,"UE"
85,27,2,4,"UE"
85,28,1,1,"UE"
85,29,4,3,"UE"
85,30,3,2,"UE"
86,1,3,3,"UE"
86,2,5,4,"UE"
86,3,1,1,"UE"
86,4,2,3,"UE"
86,5,4,5,"UE"
86,6,6,6,"UE"
86,7,5,6,"UE"
86,8,1,1,"UE"
86,9,6,4,"UE"
86,10,2,4,"UE"
86,11,3,5,"UE"
86,12,4,5,"UE"
86,13,5,5,"UE"
86,14,3,3,"UE"
86,15,2,3,"UE"
86,16,6,6,"UE"
86,17,4,4,"UE"
86,18,1,2,"UE"
86,19,3,4,"UE"
86,20,6,6,"UE"
86,21,5,6,"UE"
86,22,4,3,"UE"
86,23,1,1,"UE"
86,24,2,4,"UE"
86,25,1,5,"UE"
86,26,6,9,"UE"
86,27,5,5,"UE"
86,28,2,6,"UE"
86,29,3,4,"UE"
86,30,4,6,"UE"
87,1,1,830,"UE"
87,2,2,830,"UE"
87,3,3,820,"UE"
87,4,4,830,"UE"
87,5,6,830,"UE"
87,6,5,830,"UE"
87,7,2,830,"UE"
87,8,4,840,"UE"
87,9,3,840,"UE"
87,10,1,9,"UE"
87,11,6,8,"UE"
87,12,5,750,"UE"
87,13,4,8,"UE"
87,14,6,8,"UE"
87,15,5,8,"UE"
87,16,2,830,"UE"
87,17,3,8,"UE"
87,18,1,9,"UE"
87,19,1,9,"UE"
87,20,4,830,"UE"
87,21,5,830,"UE"
87,22,2,830,"UE"
87,23,3,7,"UE"
87,24,6,7,"UE"
87,25,3,7,"UE"
87,26,5,7,"UE"
87,27,6,7,"UE"
87,28,1,9,"UE"
87,29,4,830,"UE"
87,30,2,9,"UE"
88,1,1,0.3,"UE"
88,2,4,1,"UE"
88,3,5,1.5,"UE"
88,4,2,1,"UE"
88,5,3,1,"UE"
88,6,6,1.5,"UE"
88,7,5,1.5,"UE"
88,8,3,1.5,"UE"
88,9,6,2,"UE"
88,10,4,2,"UE"
88,11,1,1.5,"UE"
88,12,2,2,"UE"
88,13,1,1.5,"UE"
88,14,3,2,"UE"
88,15,2,2,"UE"
88,16,4,2.5,"UE"
88,17,5,2.5,"UE"
88,18,6,2.5,"UE"
88,19,2,1.5,"UE"
88,20,4,1.5,"UE"
88,21,5,1.5,"UE"
88,22,3,1.5,"UE"
88,23,1,1,"UE"
88,24,6,2,"UE"
88,25,1,1,"UE"
88,26,6,2.5,"UE"
88,27,2,2,"UE"
88,28,4,2.5,"UE"
88,29,5,2.5,"UE"
88,30,3,2,"UE"
89,1,3,5,"UE"
89,2,1,4,"UE"
89,3,2,6,"UE"
89,4,6,7,"UE"
89,5,4,7,"UE"
89,6,5,7,"UE"
89,7,4,7,"UE"
89,8,5,7,"UE"
89,9,1,3,"UE"
89,10,3,6,"UE"
89,11,2,5,"UE"
89,12,6,7,"UE"
89,13,1,3,"UE"
89,14,5,6,"UE"
89,15,3,6,"UE"
89,16,4,5.5,"UE"
89,17,6,6,"UE"
89,18,2,3,"UE"
89,19,3,5,"UE"
89,20,1,8,"UE"
89,21,5,8,"UE"
89,22,6,9,"UE"
89,23,4,9,"UE"
89,24,2,7,"UE"
89,25,3,6,"UE"
89,26,5,6,"UE"
89,27,1,4,"UE"
89,28,4,6,"UE"
89,29,6,7,"UE"
89,30,2,7,"UE"
90,1,6,7,"UE"
90,2,5,9,"UE"
90,3,4,10,"UE"
90,4,2,9,"UE"
90,5,1,6,"UE"
90,6,3,9,"UE"
90,7,3,9,"UE"
90,8,1,5,"UE"
90,9,5,9,"UE"
90,10,2,10,"UE"
90,11,6,10,"UE"
90,12,4,11,"UE"
90,13,2,11,"UE"
90,14,5,12,"UE"
90,15,6,13,"UE"
90,16,3,13,"UE"
90,17,1,6,"UE"
90,18,4,9,"UE"
90,19,4,9,"UE"
90,20,6,11,"UE"
90,21,2,11,"UE"
90,22,5,13,"UE"
90,23,3,13,"UE"
90,24,1,5,"UE"
90,25,3,9,"UE"
90,26,4,10,"UE"
90,27,2,10,"UE"
90,28,1,6,"UE"
90,29,5,9,"UE"
90,30,6,12,"UE"
91,1,4,2,"UE"
91,2,2,1,"UE"
91,3,3,3,"UE"
91,4,1,1,"UE"
91,5,5,4,"UE"
91,6,6,5,"UE"
91,7,2,2,"UE"
91,8,6,5,"UE"
91,9,3,3,"UE"
91,10,1,1,"UE"
91,11,5,4,"UE"
91,12,4,5,"UE"
91,13,4,6,"UE"
91,14,5,5,"UE"
91,15,2,3,"UE"
91,16,6,4,"UE"
91,17,1,1,"UE"
91,18,3,4,"UE"
91,19,6,5,"UE"
91,20,2,2,"UE"
91,21,5,3,"UE"
91,22,1,1,"UE"
91,23,3,4,"UE"
91,24,4,5,"UE"
91,25,2,2,"UE"
91,26,5,3,"UE"
91,27,3,4,"UE"
91,28,4,5,"UE"
91,29,6,6,"UE"
91,30,1,1,"UE"
92,1,2,1000,"UE"
92,2,5,12,"UE"
92,3,6,13,"UE"
92,4,3,9,"UE"
92,5,1,6,"UE"
92,6,4,12,"UE"
92,7,4,15,"UE"
92,8,3,12,"UE"
92,9,6,18,"UE"
92,10,1,4,"UE"
92,11,5,11,"UE"
92,12,2,9,"UE"
92,13,3,14,"UE"
92,14,4,13,"UE"
92,15,6,17,"UE"
92,16,2,6,"UE"
92,17,5,10.5,"UE"
92,18,1,3,"UE"
92,19,4,12.3,"UE"
92,20,3,8.5,"UE"
92,21,2,7.5,"UE"
92,22,6,20,"UE"
92,23,5,12,"UE"
92,24,1,4.6,"UE"
92,25,2,9,"UE"
92,26,3,9.7,"UE"
92,27,4,8.9,"UE"
92,28,1,3.5,"UE"
92,29,5,10,"UE"
92,30,6,14,"UE"
93,1,3,2,"UE"
93,2,4,1.5,"UE"
93,3,1,0.5,"UE"
93,4,6,2,"UE"
93,5,2,0.5,"UE"
93,6,5,0.5,"UE"
93,7,4,1.5,"UE"
93,8,1,0.25,"UE"
93,9,5,2,"UE"
93,10,6,4,"UE"
93,11,2,3,"UE"
93,12,3,3,"UE"
93,13,2,4.5,"UE"
93,14,5,3.5,"UE"
93,15,3,4.5,"UE"
93,16,6,3,"UE"
93,17,1,1,"UE"
93,18,4,6,"UE"
93,19,6,7,"UE"
93,20,1,0.5,"UE"
93,21,3,2,"UE"
93,22,4,4,"UE"
93,23,2,3,"UE"
93,24,5,6,"UE"
93,25,3,5,"UE"
93,26,4,5.5,"UE"
93,27,2,3.5,"UE"
93,28,6,4.5,"UE"
93,29,5,2,"UE"
93,30,1,0.75,"UE"
94,1,6,2,"UE"
94,2,3,3,"UE"
94,3,2,3,"UE"
94,4,5,2,"UE"
94,5,4,2,"UE"
94,6,1,4,"UE"
94,7,3,2,"UE"
94,8,4,3,"UE"
94,9,5,2,"UE"
94,10,1,4,"UE"
94,11,6,1,"UE"
94,12,2,2,"UE"
94,13,2,3,"UE"
94,14,6,1,"UE"
94,15,1,4,"UE"
94,16,4,3,"UE"
94,17,3,2,"UE"
94,18,5,2,"UE"
94,19,1,4,"UE"
94,20,5,3,"UE"
94,21,3,3,"UE"
94,22,2,3,"UE"
94,23,4,2,"UE"
94,24,6,1,"UE"
94,25,2,2,"UE"
94,26,5,1,"UE"
94,27,3,2,"UE"
94,28,6,1,"UE"
94,29,4,2,"UE"
94,30,1,4,"UE"
95,1,5,2,"UE"
95,2,3,2,"UE"
95,3,4,2,"UE"
95,4,6,2,"UE"
95,5,2,1,"UE"
95,6,1,0.3,"UE"
95,7,5,0.5,"UE"
95,8,3,0.5,"UE"
95,9,4,0.5,"UE"
95,10,1,0.1,"UE"
95,11,6,2,"UE"
95,12,2,1,"UE"
95,13,3,2,"UE"
95,14,6,3,"UE"
95,15,5,3,"UE"
95,16,4,2,"UE"
95,17,2,1,"UE"
95,18,1,0.2,"UE"
95,19,6,2,"UE"
95,20,1,0.1,"UE"
95,21,5,2,"UE"
95,22,3,1,"UE"
95,23,2,2,"UE"
95,24,4,2,"UE"
95,25,4,2,"UE"
95,26,3,2,"UE"
95,27,1,0.2,"UE"
95,28,6,3,"UE"
95,29,2,2,"UE"
95,30,5,3,"UE"
96,1,3,3,"UE"
96,2,1,2,"UE"
96,3,4,4,"UE"
96,4,2,3,"UE"
96,5,5,4,"UE"
96,6,6,5,"UE"
96,7,6,6,"UE"
96,8,4,5,"UE"
96,9,3,4,"UE"
96,10,2,3,"UE"
96,11,5,4,"UE"
96,12,1,2,"UE"
96,13,2,3,"UE"
96,14,3,4,"UE"
96,15,1,1,"UE"
96,16,5,5,"UE"
96,17,6,6,"UE"
96,18,4,5,"UE"
96,19,4,4,"UE"
96,20,2,3,"UE"
96,21,3,3,"UE"
96,22,6,5,"UE"
96,23,5,5,"UE"
96,24,1,1,"UE"
96,25,5,3,"UE"
96,26,2,2,"UE"
96,27,4,4,"UE"
96,28,3,5,"UE"
96,29,1,2,"UE"
96,30,6,6,"UE"
97,1,3,7,"UE"
97,2,6,8,"UE"
97,3,1,3,"UE"
97,4,2,6,"UE"
97,5,5,8,"UE"
97,6,4,7,"UE"
97,7,1,3,"UE"
97,8,3,5,"UE"
97,9,4,7,"UE"
97,10,2,5,"UE"
97,11,5,8,"UE"
97,12,6,10,"UE"
97,13,2,3,"UE"
97,14,6,4,"UE"
97,15,4,5,"UE"
97,16,3,3,"UE"
97,17,5,6,"UE"
97,18,1,2,"UE"
97,19,1,2,"UE"
97,20,6,6,"UE"
97,21,2,3,"UE"
97,22,3,4,"UE"
97,23,4,5,"UE"
97,24,5,4,"UE"
97,25,1,2,"UE"
97,26,6,8,"UE"
97,27,2,7,"UE"
97,28,4,6,"UE"
97,29,5,6,"UE"
97,30,3,6,"UE"
98,1,5,2,"UE"
98,2,3,2,"UE"
98,3,2,2,"UE"
98,4,6,2,"UE"
98,5,4,2,"UE"
98,6,1,2,"UE"
98,7,5,2,"UE"
98,8,6,2,"UE"
98,9,3,2,"UE"
98,10,1,2,"UE"
98,11,4,2,"UE"
98,12,2,2,"UE"
98,13,3,1.5,"UE"
98,14,4,1.5,"UE"
98,15,6,1.5,"UE"
98,16,5,1.3,"UE"
98,17,2,1,"UE"
98,18,1,1,"UE"
98,19,4,0.3,"UE"
98,20,6,1.3,"UE"
98,21,2,1,"UE"
98,22,3,0.5,"UE"
98,23,5,1,"UE"
98,24,1,1,"UE"
98,25,3,1,"UE"
98,26,2,1,"UE"
98,27,6,1,"UE"
98,28,5,1,"UE"
98,29,4,1,"UE"
98,30,1,0.8,"UE"
99,1,3,28,"UE"
99,2,2,28,"UE"
99,3,1,26,"UE"
99,4,4,32,"UE"
99,5,5,33,"UE"
99,6,6,34,"UE"
99,7,2,34,"UE"
99,8,5,34,"UE"
99,9,4,31,"UE"
99,10,6,3,"UE"
99,11,1,25,"UE"
99,12,3,277,"UE"
99,13,3,27,"UE"
99,14,5,28,"UE"
99,15,1,26,"UE"
99,16,4,27,"UE"
99,17,6,28,"UE"
99,18,2,28,"UE"
99,19,1,27,"UE"
99,20,6,29,"UE"
99,21,5,28,"UE"
99,22,2,28,"UE"
99,23,4,28,"UE"
99,24,3,27,"UE"
99,25,1,26,"UE"
99,26,4,26,"UE"
99,27,2,27,"UE"
99,28,5,271,"UE"
99,29,6,271,"UE"
99,30,3,272,"UE"
100,1,6,4,"UE"
100,2,4,4,"UE"
100,3,1,0.5,"UE"
100,4,5,3,"UE"
100,5,3,3,"UE"
100,6,2,2.5,"UE"
100,7,4,3,"UE"
100,8,2,3.5,"UE"
100,9,5,6,"UE"
100,10,1,1,"UE"
100,11,3,3,"UE"
100,12,6,7,"UE"
100,13,2,5,"UE"
100,14,4,7.5,"UE"
100,15,5,7,"UE"
100,16,3,7.5,"UE"
100,17,6,8,"UE"
100,18,1,1,"UE"
100,19,5,7,"UE"
100,20,3,8.5,"UE"
100,21,6,9,"UE"
100,22,4,8.5,"UE"
100,23,1,1,"UE"
100,24,2,4,"UE"
100,25,2,4,"UE"
100,26,5,6,"UE"
100,27,6,7,"UE"
100,28,3,6.5,"UE"
100,29,4,5,"UE"
100,30,1,1,"UE"
101,1,3,3,"UE"
101,2,6,2,"UE"
101,3,5,1,"UE"
101,4,4,0,"UE"
101,5,1,0,"UE"
101,6,2,3,"UE"
101,7,4,5,"UE"
101,8,2,3,"UE"
101,9,6,6,"UE"
101,10,5,5,"UE"
101,11,1,1,"UE"
101,12,3,7,"UE"
101,13,4,9,"UE"
101,14,2,4,"UE"
101,15,5,6,"UE"
101,16,1,1,"UE"
101,17,3,33,"UE"
101,18,6,6,"UE"
101,19,4,3,"UE"
101,20,6,4,"UE"
101,21,5,2,"UE"
101,22,2,1,"UE"
101,23,3,3,"UE"
101,24,1,0,"UE"
101,25,3,5,"UE"
101,26,2,3,"UE"
101,27,1,1,"UE"
101,28,4,5,"UE"
101,29,6,9,"UE"
101,30,5,8,"UE"
102,1,2,1,"UE"
102,2,5,3,"UE"
102,3,3,2.7,"UE"
102,4,6,5,"UE"
102,5,4,4,"UE"
102,6,1,0.5,"UE"
102,7,1,1,"UE"
102,8,4,6,"UE"
102,9,6,7,"UE"
102,10,3,3,"UE"
102,11,2,2,"UE"
102,12,5,2,"UE"
102,13,4,3,"UE"
102,14,2,2,"UE"
102,15,1,0.5,"UE"
102,16,6,4,"UE"
102,17,3,3,"UE"
102,18,5,5,"UE"
102,19,4,3,"UE"
102,20,6,6,"UE"
102,21,5,5,"UE"
102,22,2,2,"UE"
102,23,3,5,"UE"
102,24,1,1,"UE"
102,25,1,1,"UE"
102,26,2,0.5,"UE"
102,27,6,5,"UE"
102,28,4,4,"UE"
102,29,3,3,"UE"
102,30,5,3,"UE"
103,1,1,2,"UE"
103,2,6,4,"UE"
103,3,3,3,"UE"
103,4,5,3.5,"UE"
103,5,4,4,"UE"
103,6,2,2,"UE"
103,7,3,2,"UE"
103,8,5,2,"UE"
103,9,6,3,"UE"
103,10,1,1,"UE"
103,11,4,3,"UE"
103,12,2,2,"UE"
103,13,2,1.8,"UE"
103,14,6,3,"UE"
103,15,1,1,"UE"
103,16,4,3,"UE"
103,17,3,2.8,"UE"
103,18,5,3,"UE"
103,19,1,1,"UE"
103,20,5,3,"UE"
103,21,6,4,"UE"
103,22,4,3.8,"UE"
103,23,3,3.8,"UE"
103,24,2,3,"UE"
103,25,3,3.5,"UE"
103,26,6,4,"UE"
103,27,1,1,"UE"
103,28,4,4,"UE"
103,29,5,4.5,"UE"
103,30,2,2.8,"UE"
104,1,6,15,"UE"
104,2,5,15,"UE"
104,3,2,12,"UE"
104,4,3,18,"UE"
104,5,1,10,"UE"
104,6,4,15,"UE"
104,7,4,17,"UE"
104,8,1,12,"UE"
104,9,3,20,"UE"
104,10,6,22,"UE"
104,11,2,18,"UE"
104,12,5,21,"UE"
104,13,2,12,"UE"
104,14,3,15,"UE"
104,15,1,8,"UE"
104,16,4,14,"UE"
104,17,5,15,"UE"
104,18,6,20,"UE"
104,19,1,6,"UE"
104,20,2,11,"UE"
104,21,6,22,"UE"
104,22,3,22,"UE"
104,23,5,22,"UE"
104,24,4,22,"UE"
104,25,2,21,"UE"
104,26,4,22,"UE"
104,27,1,18,"UE"
104,28,6,25,"UE"
104,29,5,23,"UE"
104,30,3,23,"UE"
105,1,3,8,"UE"
105,2,6,10,"UE"
105,3,2,7,"UE"
105,4,5,9,"UE"
105,5,4,11,"UE"
105,6,1,4,"UE"
105,7,2,6,"UE"
105,8,6,15,"UE"
105,9,5,14,"UE"
105,10,1,4,"UE"
105,11,4,11,"UE"
105,12,3,10,"UE"
105,13,4,15,"UE"
105,14,6,16,"UE"
105,15,2,7,"UE"
105,16,5,5,"UE"
105,17,3,10,"UE"
105,18,1,4,"UE"
105,19,3,8,"UE"
105,20,5,7,"UE"
105,21,6,10,"UE"
105,22,2,9,"UE"
105,23,4,8,"UE"
105,24,1,4,"UE"
105,25,4,10,"UE"
105,26,1,5,"UE"
105,27,5,8,"UE"
105,28,2,7,"UE"
105,29,3,9,"UE"
105,30,6,10,"UE"
106,1,3,4,"UE"
106,2,1,1,"UE"
106,3,2,2,"UE"
106,4,6,6,"UE"
106,5,4,7,"UE"
106,6,5,8,"UE"
106,7,5,8,"UE"
106,8,1,2,"UE"
106,9,4,8,"UE"
106,10,3,7,"UE"
106,11,6,8,"UE"
106,12,2,5,"UE"
106,13,2,5,"UE"
106,14,5,7,"UE"
106,15,3,8,"UE"
106,16,6,9,"UE"
106,17,1,2,"UE"
106,18,4,8,"UE"
106,19,5,9,"UE"
106,20,2,3,"UE"
106,21,1,2,"UE"
106,22,4,8,"UE"
106,23,3,7,"UE"
106,24,6,8,"UE"
106,25,2,4,"UE"
106,26,5,4,"UE"
106,27,6,5,"UE"
106,28,1,1,"UE"
106,29,4,7,"UE"
106,30,3,7,"UE"
107,1,3,1,"UE"
107,2,2,1,"UE"
107,3,6,1,"UE"
107,4,4,1,"UE"
107,5,1,0,"UE"
107,6,5,1.5,"UE"
107,7,4,2,"UE"
107,8,5,3,"UE"
107,9,1,0,"UE"
107,10,2,0.5,"UE"
107,11,6,1.6,"UE"
107,12,3,1,"UE"
107,13,6,1,"UE"
107,14,5,2,"UE"
107,15,2,1,"UE"
107,16,3,2,"UE"
107,17,1,0,"UE"
107,18,4,1.6,"UE"
107,19,1,0.4,"UE"
107,20,2,1,"UE"
107,21,3,2,"UE"
107,22,6,3,"UE"
107,23,4,3,"UE"
107,24,5,3,"UE"
107,25,1,1,"UE"
107,26,2,2,"UE"
107,27,3,2,"UE"
107,28,6,3,"UE"
107,29,5,4,"UE"
107,30,4,3,"UE"
108,1,5,6,"UE"
108,2,2,5,"UE"
108,3,3,7,"UE"
108,4,6,8,"UE"
108,5,4,7,"UE"
108,6,1,7,"UE"
108,7,3,6,"UE"
108,8,2,5,"UE"
108,9,1,4,"UE"
108,10,5,6,"UE"
108,11,4,7,"UE"
108,12,6,7,"UE"
108,13,4,6,"UE"
108,14,1,4,"UE"
108,15,2,5,"UE"
108,16,6,6,"UE"
108,17,5,6,"UE"
108,18,3,6,"UE"
108,19,3,6,"UE"
108,20,4,6,"UE"
108,21,5,7,"UE"
108,22,6,8,"UE"
108,23,2,6,"UE"
108,24,1,5,"UE"
108,25,1,5,"UE"
108,26,3,7,"UE"
108,27,5,8,"UE"
108,28,6,8,"UE"
108,29,2,6,"UE"
108,30,4,7,"UE"
